OBJECTID,FEATURE,DATE_MOD,OWNER,OWNER_NAME,OPERATOR,CLASS,LINE_NAME,RR_TYPE1,RR_TYPE2,RR_TYPE3,GDB_SUBTYP,GISCODE,Subdivisio,MP_From,MP_To,Direction,Station_To,Station__F,Comments,Trk_Name,HAUL_RIGHT,TRACK_RIGH,STRACNET,ELECTRIFIC,WEIGHT_LIM,PARENT_CO,BUS_FID_Le,ShapeSTLength
1,MultipleTrack,2006-03-30T00:00:00.000Z,LIRR,Long Island Rail Road,LIRR,4,PORT JEFFERSON BRANCH,COMM,C3,NA,3,n/a,Port Jefferson,0,94.30000305,East,Greenport,Penn Station, ,South Side Ext.,n/a,NYAR,N,R,263,Metropolitan Transportation Authority,1320.69655872,4333.72750878215
2,SingleTrack,2006-04-19T00:00:00.000Z,LIRR,Long Island Rail Road,LIRR,3,MONTAUK BRANCH,COMM,C3,NA,3,54,Montauk,0,115.09999847,East,Montauk,Penn Station, ,Single Main,n/a,NYAR,N,N,263,Metropolitan Transportation Authority,7314.45668448,23997.7537604668
3,MultipleTrack,2006-04-20T00:00:00.000Z,LIRR,Long Island Rail Road,LIRR,3,MONTAUK BRANCH,COMM,C3,NA,3,n/a,Montauk,0,115.09999847,East,Montauk,Penn Station, ,BH Siding,n/a,NYAR,N,N,263,Metropolitan Transportation Authority,363.60366241,1192.64099940399
4,MultipleTrack,2006-04-20T00:00:00.000Z,LIRR,Long Island Rail Road,LIRR,3,MONTAUK BRANCH,COMM,C3,NA,3,54,Montauk,0,115.09999847,East,Montauk,Penn Station, ,Single Main,n/a,NYAR,N,N,263,Metropolitan Transportation Authority,451.72688733,1481.9398213057
5,MultipleTrack,2006-04-20T00:00:00.000Z,LIRR,Long Island Rail Road,LIRR,3,MONTAUK BRANCH,COMM,C3,NA,3,54,Montauk,0,115.09999847,East,Montauk,Penn Station, ,Single Main,n/a,NYAR,N,N,263,Metropolitan Transportation Authority,778.83269273,2554.70692420785
6,MultipleTrack,2006-04-19T00:00:00.000Z,LIRR,Long Island Rail Road,LIRR,3,MONTAUK BRANCH,COMM,C3,NA,3,n/a,Montauk,0,115.09999847,East,Montauk,Penn Station, ,PD Main to School,n/a,NYAR,N,N,263,Metropolitan Transportation Authority,53.79406101,176.498195371487
7,MultipleTrack,2006-04-19T00:00:00.000Z,LIRR,Long Island Rail Road,LIRR,3,MONTAUK BRANCH,COMM,C3,NA,3,n/a,Montauk,0,115.09999847,East,Montauk,Penn Station, ,Bellport Siding,n/a,NYAR,N,N,263,Metropolitan Transportation Authority,578.06323352,1896.57725430296
8,Siding,2006-04-21T00:00:00.000Z,LIRR,Long Island Rail Road,LIRR,0,LIRR MAIN LINE,C3,NA,NA,1,n/a,Main Line,0,0,n/a,n/a,n/a, ,Industrial Siding,n/a,NYAR,N,N,263,Metropolitan Transportation Authority,132.838799,435.899847127879
9,Siding,2006-04-21T00:00:00.000Z,LIRR,Long Island Rail Road,LIRR,0,LIRR MAIN LINE,C3,NA,NA,1,n/a,Main Line,0,0,n/a,n/a,n/a, ,Industrial Siding,n/a,NYAR,N,N,263,Metropolitan Transportation Authority,98.54001578,323.351856120623
10,Siding,2006-04-21T00:00:00.000Z,LIRR,Long Island Rail Road,LIRR,0,LIRR MAIN LINE,C3,NA,NA,1,n/a,Main Line,0,0,n/a,n/a,n/a, ,Industrial Siding,n/a,NYAR,N,N,263,Metropolitan Transportation Authority,82.91659445,272.08424019863
11,MultipleTrack,2006-04-21T00:00:00.000Z,LIRR,Long Island Rail Road,LIRR,3,LIRR MAIN LINE,COMM,C3,NA,3,n/a,Main Line,0,0, , , , ,Main 1 to N Side Tk,n/a,NYAR,N,R,263,Metropolitan Transportation Authority,71.67473753,235.195647988156
12,SingleTrack,2006-03-29T00:00:00.000Z,LIRR,Long Island Rail Road,LIRR,3,CENTRAL BRANCH,COMM,C3,NA,3,150770271,Central,28.70000076,35.90000153, ,Bellmont Junction,Bethpage, ,Main,n/a,NYAR,N,R,263,Metropolitan Transportation Authority,6070.28323392,19919.2231459531
13,MultipleTrack,2006-04-20T00:00:00.000Z,LIRR,Long Island Rail Road,LIRR,4,MONTAUK BRANCH,COMM,C3,NA,3,n/a,Montauk,0,115.09999847,East,Montauk,Penn Station, ,Babylon 1 to 2,n/a,NYAR,N,R,263,Metropolitan Transportation Authority,88.69706129,291.045735643428
14,Siding,2006-04-21T00:00:00.000Z,LIRR,Long Island Rail Road,LIRR,1,LIRR MAIN LINE,C3,NA,NA,1,n/a,Main Line,0,0,n/a,n/a,n/a, ,Industrial Siding,n/a,NYAR,N,N,263,Metropolitan Transportation Authority,407.39581,1336.83282050423
15,SingleTrack,2006-04-21T00:00:00.000Z,LIRR,Long Island Rail Road,LIRR,4,LIRR MAIN LINE,COMM,C3,NA,3,151070211,Main Line,0,94.30000305,East,Greenport,Penn Station, ,Single Main,n/a,NYAR,N,R,263,Metropolitan Transportation Authority,2972.81753053,9754.9556595605
16,Siding,2006-04-21T00:00:00.000Z,LIRR,Long Island Rail Road,LIRR,0,LIRR MAIN LINE,C3,NA,NA,1,n/a,Main Line,0,0,n/a,n/a,n/a, ,Industrial Siding,n/a,NYAR,N,N,263,Metropolitan Transportation Authority,237.73931271,780.109386279089
17,Siding,2006-03-30T00:00:00.000Z,LIRR,Long Island Rail Road,LIRR,1,PORT JEFFERSON BRANCH,COMM,C3,NA,3,n/a,Port Jefferson,0,0,n/a,n/a,n/a, ,Industrial Siding,n/a,NYAR,N,N,263,Metropolitan Transportation Authority,293.46648735,962.983457825453
18,MultipleTrack,2006-03-30T00:00:00.000Z,LIRR,Long Island Rail Road,LIRR,3,PORT JEFFERSON BRANCH,COMM,C3,NA,3,n/a,Port Jefferson,0,0, , , , ,Hunt 2 to 1,n/a,NYAR,N,R,263,Metropolitan Transportation Authority,64.51758985,211.708213739557
19,MultipleTrack,2006-03-24T00:00:00.000Z,LIRR,Long Island Rail Road,LIRR,4,PORT JEFFERSON BRANCH,COMM,C3,NA,3,n/a,Port Jefferson,0,94.30000305,East,Greenport,Penn Station, ,Track 2,n/a,NYAR,N,R,263,Metropolitan Transportation Authority,16162.6944032,53037.3163436164
20,MultipleTrack,2006-04-20T00:00:00.000Z,LIRR,Long Island Rail Road,LIRR,3,MONTAUK BRANCH,COMM,C3,NA,3,n/a,Montauk,0,115.09999847,East,Montauk,Penn Station, ,SK Freight Track,n/a,NYAR,N,N,263,Metropolitan Transportation Authority,452.01998536,1482.90138827591
21,Siding,2006-04-20T00:00:00.000Z,LIRR,Long Island Rail Road,LIRR,0,MONTAUK BRANCH,C3,NA,NA,1,n/a,Montauk,0,0,n/a,n/a,n/a, ,Industrial Siding,n/a,NYAR,N,N,263,Metropolitan Transportation Authority,89.91757702,294.945921764411
22,Siding,2006-04-20T00:00:00.000Z,LIRR,Long Island Rail Road,LIRR,0,MONTAUK BRANCH,C3,NA,NA,1,n/a,Montauk,0,0,n/a,n/a,n/a, ,Industrial Siding,n/a,NYAR,N,N,263,Metropolitan Transportation Authority,108.71273786,356.596447840314
23,MultipleTrack,2006-04-20T00:00:00.000Z,LIRR,Long Island Rail Road,LIRR,3,MONTAUK BRANCH,COMM,C3,NA,3,54,Montauk,0,115.09999847,East,Montauk,Penn Station, ,Single Main,n/a,NYAR,N,N,263,Metropolitan Transportation Authority,844.32572101,2769.43808996073
24,MultipleTrack,2006-04-20T00:00:00.000Z,LIRR,Long Island Rail Road,LIRR,3,MONTAUK BRANCH,COMM,C3,NA,3,54,Montauk,0,115.09999847,East,Montauk,Penn Station, ,Single Main,n/a,NYAR,N,N,263,Metropolitan Transportation Authority,553.02305692,1813.85530153513
25,Yard,2006-03-31T00:00:00.000Z,LIRR,Long Island Rail Road,LIRR,1,PORT JEFFERSON YARD,COMM,C3,NA,3,n/a,Port Jefferson,24.79999924,63.70000076,East,Port Jefferson,Hicksville, ,3 Lead,n/a,NYAR,N,N,263,Metropolitan Transportation Authority,803.03461593,2634.79700848181
26,MultipleTrack,2006-03-30T00:00:00.000Z,LIRR,Long Island Rail Road,LIRR,3,PORT JEFFERSON BRANCH,COMM,C3,NA,3,150670261,Port Jefferson,24.79999924,63.70000076,East,Port Jefferson,Hicksville, ,Main,n/a,NYAR,N,N,263,Metropolitan Transportation Authority,712.30532118,2337.25637844031
27,MultipleTrack,2006-04-21T00:00:00.000Z,LIRR,Long Island Rail Road,LIRR,4,LIRR MAIN LINE,COMM,C3,NA,3,151070211,Main Line,0,94.30000305,East,Greenport,Penn Station, ,Single Main,n/a,NYAR,N,R,263,Metropolitan Transportation Authority,697.21568647,2287.81852301813
28,MultipleTrack,2006-04-20T00:00:00.000Z,LIRR,Long Island Rail Road,LIRR,3,MONTAUK BRANCH,COMM,C3,NA,3,n/a,Montauk,0,115.09999847,East,Montauk,Penn Station, ,SN Crossover,n/a,NYAR,N,N,263,Metropolitan Transportation Authority,41.79821647,137.105256373587
29,MultipleTrack,2006-04-20T00:00:00.000Z,LIRR,Long Island Rail Road,LIRR,3,MONTAUK BRANCH,COMM,C3,NA,3,n/a,Montauk,0,115.09999847,East,Montauk,Penn Station, ,Easthampton Freight,n/a,NYAR,N,N,263,Metropolitan Transportation Authority,553.39169549,1815.06436199522
30,MultipleTrack,2006-04-20T00:00:00.000Z,LIRR,Long Island Rail Road,LIRR,3,MONTAUK BRANCH,COMM,C3,NA,3,54,Montauk,0,0, , , , ,Single Main,n/a,NYAR,N,N,263,Metropolitan Transportation Authority,524.19418776,1719.24005682867
31,Siding,2006-04-21T00:00:00.000Z,LIRR,Long Island Rail Road,LIRR,0,LIRR MAIN LINE,C3,NA,NA,1,n/a,Main Line,0,0,n/a,n/a,n/a, ,Industrial Siding,n/a,NYAR,N,N,263,Metropolitan Transportation Authority,321.5709703,1055.19122100973
32,MultipleTrack,2006-04-21T00:00:00.000Z,LIRR,Long Island Rail Road,LIRR,0,LIRR MAIN LINE,COMM,C3,NA,3,n/a,Main Line,0,0, , , , ,DK Siding,n/a,NYAR,N,R,263,Metropolitan Transportation Authority,1504.23605275,4935.8852391417
33,MultipleTrack,2006-04-20T00:00:00.000Z,LIRR,Long Island Rail Road,LIRR,3,MONTAUK BRANCH,COMM,C3,NA,3,n/a,Montauk,0,115.09999847,East,Montauk,Penn Station, ,ND Crossover,n/a,NYAR,N,N,263,Metropolitan Transportation Authority,48.79531228,160.066715977498
34,Yard,2006-04-07T00:00:00.000Z,LIRR,Long Island Rail Road,LIRR,1,BABYLON YARD,COMM,NA,NA,2,n/a,Montauk,0,0, , , , , ,n/a,n/a,N,R,263,Metropolitan Transportation Authority,498.78676237,1636.6773949015
35,Yard,2006-04-07T00:00:00.000Z,LIRR,Long Island Rail Road,LIRR,1,BABYLON YARD,COMM,NA,NA,2,n/a,Montauk,0,0, , , , , ,n/a,n/a,N,R,263,Metropolitan Transportation Authority,488.52801129,1603.01458781526
36,MultipleTrack,2006-04-20T00:00:00.000Z,LIRR,Long Island Rail Road,LIRR,3,MONTAUK BRANCH,COMM,C3,NA,3,n/a,Montauk,0,115.09999847,East,Montauk,Penn Station, ,PT Siding,n/a,NYAR,N,N,263,Metropolitan Transportation Authority,577.05091834,1893.10596112287
37,MultipleTrack,2006-04-20T00:00:00.000Z,LIRR,Long Island Rail Road,LIRR,4,MONTAUK BRANCH,COMM,C3,NA,3,n/a,Montauk,0,115.09999847,East,Montauk,Penn Station, ,Babylon 1 to 2,n/a,NYAR,N,R,263,Metropolitan Transportation Authority,80.65662651,264.662453720675
38,MultipleTrack,2006-04-20T00:00:00.000Z,LIRR,Long Island Rail Road,LIRR,4,MONTAUK BRANCH,COMM,C3,NA,3,n/a,Montauk,0,115.09999847,East,Montauk,Penn Station, ,Babylon 2 to 1,n/a,NYAR,N,R,263,Metropolitan Transportation Authority,74.25941624,243.670978947209
39,MultipleTrack,2006-04-07T00:00:00.000Z,LIRR,Long Island Rail Road,LIRR,4,MONTAUK BRANCH,COMM,C3,NA,3,n/a,Montauk,0,115.09999847,East,Montauk,Penn Station, ,Babylon 2 to 1,n/a,NYAR,N,R,263,Metropolitan Transportation Authority,68.7056104,225.446145756608
40,SingleTrack,2006-04-20T00:00:00.000Z,LIRR,Long Island Rail Road,LIRR,3,MONTAUK BRANCH,COMM,C3,NA,3,54,Montauk,0,115.09999847,East,Montauk,Penn Station, ,Single Main,n/a,NYAR,N,N,263,Metropolitan Transportation Authority,11532.8032578,37832.8751060807
41,Yard,2006-04-20T00:00:00.000Z,LIRR,Long Island Rail Road,LIRR,3,SPEONK YARD,COMM,C3,NA,3,n/a,Montauk,0,0, , , , ,West Wye,n/a,NYAR,N,N,263,Metropolitan Transportation Authority,320.86902648,1052.64699197421
42,MultipleTrack,2006-04-24T00:00:00.000Z,LIRR,Long Island Rail Road,LIRR,4,LIRR MAIN LINE,COMM,C3,NA,3,n/a,Main Line,0,94.30000305,East,Greenport,Penn Station, ,KO S Side to Main,n/a,NYAR,N,R,263,Metropolitan Transportation Authority,52.22512231,171.355456943411
43,Yard,2006-04-24T00:00:00.000Z,LIRR,Long Island Rail Road,LIRR,1,RONKONKOMA YARD,COMM,NA,NA,2,n/a,Main Line,0,0, , , , ,KO Wash Track,n/a,n/a,N,R,263,Metropolitan Transportation Authority,468.38102248,1536.80195832033
44,Yard,2006-04-24T00:00:00.000Z,LIRR,Long Island Rail Road,LIRR,2,RONKONKOMA YARD,COMM,NA,NA,2,n/a,Main Line,0,0, , , , ,Wash to S Side,n/a,n/a,N,R,263,Metropolitan Transportation Authority,101.59949324,333.357249285661
45,Yard,2006-04-24T00:00:00.000Z,LIRR,Long Island Rail Road,LIRR,1,RONKONKOMA YARD,COMM,NA,NA,2,n/a,Main Line,0,0, , , , ,Track 11,n/a,n/a,N,R,263,Metropolitan Transportation Authority,520.80285289,1708.799591228
46,Yard,2006-04-24T00:00:00.000Z,LIRR,Long Island Rail Road,LIRR,1,RONKONKOMA YARD,COMM,NA,NA,2,n/a,Main Line,0,0, , , , ,Track 10,n/a,n/a,N,R,263,Metropolitan Transportation Authority,384.2544277,1260.77189603852
47,Yard,2006-04-24T00:00:00.000Z,LIRR,Long Island Rail Road,LIRR,1,RONKONKOMA YARD,COMM,NA,NA,2,n/a,Main Line,0,0, , , , ,Track 4,n/a,n/a,N,R,263,Metropolitan Transportation Authority,475.99597423,1561.7848975547
48,Yard,2006-04-24T00:00:00.000Z,LIRR,Long Island Rail Road,LIRR,1,RONKONKOMA YARD,COMM,C3,NA,3,n/a,Main Line,0,0, , , , ,Team Track,n/a,NYAR,N,N,263,Metropolitan Transportation Authority,118.85519338,389.973585531187
49,Yard,2006-04-24T00:00:00.000Z,LIRR,Long Island Rail Road,LIRR,1,RONKONKOMA YARD,COMM,NA,NA,2,n/a,Main Line,0,0, , , , ,Track 0,n/a,n/a,N,R,263,Metropolitan Transportation Authority,480.69743773,1577.2105450024
50,Siding,2006-04-24T00:00:00.000Z,LIRR,Long Island Rail Road,LIRR,1,LIRR MAIN LINE,C3,NA,NA,1,n/a,Main Line,0,0,n/a,n/a,n/a, ,Industrial Siding,n/a,NYAR,N,N,263,Metropolitan Transportation Authority,761.66295226,2499.05347451157
51,Siding,2006-04-24T00:00:00.000Z,LIRR,Long Island Rail Road,LIRR,1,LIRR MAIN LINE,C3,NA,NA,1,n/a,Main Line,0,0,n/a,n/a,n/a, ,Industrial Siding,n/a,NYAR,N,N,263,Metropolitan Transportation Authority,580.01365644,1903.0531865957
52,Siding,2006-04-24T00:00:00.000Z,LIRR,Long Island Rail Road,LIRR,1,LIRR MAIN LINE,C3,NA,NA,1,n/a,Main Line,0,0,n/a,n/a,n/a, ,Industrial Siding,n/a,NYAR,N,N,263,Metropolitan Transportation Authority,159.72032955,524.049743806154
53,Siding,2006-04-24T00:00:00.000Z,LIRR,Long Island Rail Road,LIRR,1,LIRR MAIN LINE,C3,NA,NA,1,n/a,Main Line,0,0,n/a,n/a,n/a, ,Industrial Siding,n/a,NYAR,N,N,263,Metropolitan Transportation Authority,211.5530556,694.111575177764
54,Siding,2006-04-24T00:00:00.000Z,LIRR,Long Island Rail Road,LIRR,1,LIRR MAIN LINE,C3,NA,NA,1,n/a,Main Line,0,0,n/a,n/a,n/a, ,Industrial Siding,n/a,NYAR,N,N,263,Metropolitan Transportation Authority,170.83760171,560.514221558565
55,Yard,2006-04-24T00:00:00.000Z,LIRR,Long Island Rail Road,LIRR,1,RONKONKOMA YARD,COMM,NA,NA,2,n/a,Main Line,0,0, , , , ,Track 1,n/a,n/a,N,R,263,Metropolitan Transportation Authority,469.03108187,1538.9326282928
56,MultipleTrack,2006-03-30T00:00:00.000Z,LIRR,Long Island Rail Road,LIRR,4,PORT JEFFERSON BRANCH,COMM,C3,NA,3,n/a,Port Jefferson,0,0, , , , ,Controlled Siding,n/a,NYAR,N,N,263,Metropolitan Transportation Authority,878.41788537,2882.37035090347
57,SingleTrack,2006-03-30T00:00:00.000Z,LIRR,Long Island Rail Road,LIRR,4,PORT JEFFERSON BRANCH,COMM,C3,NA,3,150670261,Port Jefferson,0,0, , , , ,Main,n/a,NYAR,N,N,263,Metropolitan Transportation Authority,3310.94125409,10864.3291444555
58,MultipleTrack,2006-03-30T00:00:00.000Z,LIRR,Long Island Rail Road,LIRR,4,PORT JEFFERSON BRANCH,COMM,C3,NA,3,150670261,Port Jefferson,0,0, , , , ,Main,n/a,NYAR,N,N,263,Metropolitan Transportation Authority,878.03252374,2881.10589171887
59,SingleTrack,2006-03-30T00:00:00.000Z,LIRR,Long Island Rail Road,LIRR,3,PORT JEFFERSON BRANCH,COMM,C3,NA,3,150670261,Port Jefferson,24.79999924,63.70000076,East,Port Jefferson,Hicksville, ,Main,n/a,NYAR,N,N,263,Metropolitan Transportation Authority,5117.11577357,16790.428021935
60,MultipleTrack,2006-03-30T00:00:00.000Z,LIRR,Long Island Rail Road,LIRR,3,PORT JEFFERSON BRANCH,COMM,C3,NA,3,150670261,Port Jefferson,24.79999924,63.70000076,East,Port Jefferson,Hicksville, ,Main,n/a,NYAR,N,N,263,Metropolitan Transportation Authority,858.32401931,2816.33228799594
61,Siding,2006-04-19T00:00:00.000Z,LIRR,Long Island Rail Road,LIRR,1,MONTAUK BRANCH,C3,NA,NA,1,n/a,Montauk,0,0,n/a,n/a,n/a, ,Industrial Siding,n/a,NYAR,N,N,263,Metropolitan Transportation Authority,175.67497723,576.390021850163
62,MultipleTrack,2006-04-19T00:00:00.000Z,LIRR,Long Island Rail Road,LIRR,3,MONTAUK BRANCH,COMM,C3,NA,3,54,Montauk,0,115.09999847,East,Montauk,Penn Station, ,Single Main,n/a,NYAR,N,N,263,Metropolitan Transportation Authority,577.60006138,1895.05762582594
63,MultipleTrack,2006-04-25T00:00:00.000Z,LIRR,Long Island Rail Road,LIRR,3,LIRR MAIN LINE,COMM,C3,NA,3,151070211,Main Line,0,94.30000305,East,Greenport,Penn Station, ,Single Main,n/a,NYAR,N,N,263,Metropolitan Transportation Authority,935.29572863,3068.31010310381
64,Yard,2006-04-20T00:00:00.000Z,LIRR,Long Island Rail Road,LIRR,1,MONTAUK YARD,COMM,C3,NA,3,n/a,Montauk,0,0, , , , ,West Wye,n/a,NYAR,N,N,263,Metropolitan Transportation Authority,180.37568711,591.543138040828
65,Yard,2006-04-20T00:00:00.000Z,LIRR,Long Island Rail Road,LIRR,1,MONTAUK YARD,COMM,C3,NA,3,n/a,Montauk,0,0, , , , ,Track 2,n/a,NYAR,N,N,263,Metropolitan Transportation Authority,574.69319912,1884.70860850122
66,Siding,2006-04-19T00:00:00.000Z,LIRR,Long Island Rail Road,LIRR,1,MONTAUK BRANCH,C3,NA,NA,1,n/a,Montauk,0,0,n/a,n/a,n/a, ,Industrial Siding,n/a,NYAR,N,N,263,Metropolitan Transportation Authority,140.75906379,461.831068921616
67,SingleTrack,2006-04-19T00:00:00.000Z,LIRR,Long Island Rail Road,LIRR,3,MONTAUK BRANCH,COMM,C3,NA,3,54,Montauk,0,115.09999847,East,Montauk,Penn Station, ,Single Main,n/a,NYAR,N,N,263,Metropolitan Transportation Authority,5130.72002333,16834.057741482
68,SingleTrack,2006-04-19T00:00:00.000Z,LIRR,Long Island Rail Road,LIRR,3,MONTAUK BRANCH,COMM,C3,NA,3,54,Montauk,0,115.09999847,East,Montauk,Penn Station, ,Single Main,n/a,NYAR,N,N,263,Metropolitan Transportation Authority,5137.48012565,16855.8438205587
69,MultipleTrack,2006-04-20T00:00:00.000Z,LIRR,Long Island Rail Road,LIRR,3,MONTAUK BRANCH,COMM,C3,NA,3,54,Montauk,0,115.09999847,East,Montauk,Penn Station, ,Single Main,n/a,NYAR,N,N,263,Metropolitan Transportation Authority,576.67504561,1891.87286561215
70,MultipleTrack,2006-03-30T00:00:00.000Z,LIRR,Long Island Rail Road,LIRR,2,PORT JEFFERSON BRANCH,COMM,C3,NA,3,n/a,Port Jefferson,24.79999924,63.70000076,East,Port Jefferson,Hicksville, ,Greenlawn DEF,n/a,NYAR,N,N,263,Metropolitan Transportation Authority,1045.15003939,3429.51672553787
71,Siding,2006-04-21T00:00:00.000Z,LIRR,Long Island Rail Road,LIRR,0,LIRR MAIN LINE,C3,NA,NA,1,n/a,Main Line,0,0,n/a,n/a,n/a, ,Industrial Siding,n/a,NYAR,N,N,263,Metropolitan Transportation Authority,233.97298802,767.740253214661
72,MultipleTrack,2006-04-21T00:00:00.000Z,LIRR,Long Island Rail Road,LIRR,4,LIRR MAIN LINE,COMM,C3,NA,3,151070211,Main Line,0,94.30000305,East,Greenport,Penn Station, ,Single Main,n/a,NYAR,N,R,263,Metropolitan Transportation Authority,1503.88638911,4934.73788993468
73,SingleTrack,2006-04-21T00:00:00.000Z,LIRR,Long Island Rail Road,LIRR,4,LIRR MAIN LINE,COMM,C3,NA,3,151070211,Main Line,0,94.30000305,East,Greenport,Penn Station, ,Single Main,n/a,NYAR,N,R,263,Metropolitan Transportation Authority,1119.97224406,3674.97512259074
74,Siding,2006-04-21T00:00:00.000Z,LIRR,Long Island Rail Road,LIRR,0,LIRR MAIN LINE,C3,NA,NA,1,n/a,Main Line,0,0,n/a,n/a,n/a, ,Industrial Siding,n/a,NYAR,N,N,263,Metropolitan Transportation Authority,478.87941041,1571.3480858443
75,Siding,2006-04-21T00:00:00.000Z,LIRR,Long Island Rail Road,LIRR,0,LIRR MAIN LINE,C3,NA,NA,1,n/a,Main Line,0,0,n/a,n/a,n/a, ,Industrial Siding,n/a,NYAR,N,N,263,Metropolitan Transportation Authority,137.55357401,451.355061089551
76,Siding,2006-04-21T00:00:00.000Z,LIRR,Long Island Rail Road,LIRR,0,LIRR MAIN LINE,C3,NA,NA,1,n/a,Main Line,0,0,n/a,n/a,n/a, ,Industrial Siding,n/a,NYAR,N,N,263,Metropolitan Transportation Authority,116.74872561,383.08809518001
77,Siding,2006-04-21T00:00:00.000Z,LIRR,Long Island Rail Road,LIRR,0,LIRR MAIN LINE,C3,NA,NA,1,n/a,Main Line,0,0, , , , ,Runaround,n/a,NYAR,N,N,263,Metropolitan Transportation Authority,208.8381917,685.26504348826
78,Siding,2006-04-21T00:00:00.000Z,LIRR,Long Island Rail Road,LIRR,0,LIRR MAIN LINE,C3,NA,NA,1,n/a,Main Line,0,0, , , , ,Pilgrim Lead,n/a,NYAR,N,N,263,Metropolitan Transportation Authority,982.42970711,3223.630259005
79,Siding,2006-04-25T00:00:00.000Z,LIRR,Long Island Rail Road,LIRR,0,LIRR MAIN LINE,C3,NA,NA,1,n/a,Main Line,0,0,n/a,n/a,n/a, ,Industrial Siding,n/a,NYAR,N,N,263,Metropolitan Transportation Authority,86.38842218,283.464223879356
80,Siding,2006-04-21T00:00:00.000Z,LIRR,Long Island Rail Road,LIRR,0,LIRR MAIN LINE,C3,NA,NA,1,n/a,Main Line,0,0,n/a,n/a,n/a, ,Industrial Siding,n/a,NYAR,N,N,263,Metropolitan Transportation Authority,112.2775994,368.413883408037
81,SingleTrack,2006-04-24T00:00:00.000Z,LIRR,Long Island Rail Road,LIRR,4,LIRR MAIN LINE,COMM,C3,NA,3,151070211,Main Line,0,94.30000305,East,Greenport,Penn Station, ,Single Main,n/a,NYAR,N,R,263,Metropolitan Transportation Authority,3495.65095335,11469.9995934457
82,Siding,2006-04-21T00:00:00.000Z,LIRR,Long Island Rail Road,LIRR,1,LIRR MAIN LINE,C3,NA,NA,7,n/a,Main Line,0,0,n/a,n/a,n/a, ,Industrial Siding,n/a,NYAR,N,N,263,Metropolitan Transportation Authority,238.57412601,782.859430390022
83,MultipleTrack,2006-04-20T00:00:00.000Z,LIRR,Long Island Rail Road,LIRR,3,MONTAUK BRANCH,COMM,C3,NA,3,n/a,Montauk,0,115.09999847,East,Montauk,Penn Station, ,WH Siding,n/a,NYAR,N,N,263,Metropolitan Transportation Authority,491.14158017,1611.21180084872
84,MultipleTrack,2006-04-20T00:00:00.000Z,LIRR,Long Island Rail Road,LIRR,3,MONTAUK BRANCH,COMM,C3,NA,3,54,Montauk,0,115.09999847,East,Montauk,Penn Station, ,Single Main,n/a,NYAR,N,N,263,Metropolitan Transportation Authority,490.84671595,1610.24447685435
85,MultipleTrack,2006-04-20T00:00:00.000Z,LIRR,Long Island Rail Road,LIRR,3,MONTAUK BRANCH,COMM,C3,NA,3,n/a,Montauk,0,115.09999847,East,Montauk,Penn Station, ,BH North Freight,n/a,NYAR,N,N,263,Metropolitan Transportation Authority,843.51210027,2766.76942789627
86,Siding,2006-04-20T00:00:00.000Z,LIRR,Long Island Rail Road,LIRR,1,MONTAUK BRANCH,C3,NA,NA,1,n/a,Montauk,0,0,n/a,n/a,n/a, ,Industrial Siding,n/a,NYAR,N,N,263,Metropolitan Transportation Authority,227.05923778,744.767576342168
87,MultipleTrack,2006-04-20T00:00:00.000Z,LIRR,Long Island Rail Road,LIRR,2,MONTAUK BRANCH,COMM,C3,NA,3,n/a,Montauk,0,0, , , , ,AG Siding,n/a,NYAR,N,N,263,Metropolitan Transportation Authority,524.68110109,1720.83699723463
88,SingleTrack,2006-04-24T00:00:00.000Z,LIRR,Long Island Rail Road,LIRR,3,LIRR MAIN LINE,COMM,C3,NA,3,151070211,Main Line,0,94.30000305,East,Greenport,Penn Station, ,Single Main,n/a,NYAR,N,N,263,Metropolitan Transportation Authority,6092.74919473,19988.569312776
89,MultipleTrack,2006-04-25T00:00:00.000Z,LIRR,Long Island Rail Road,LIRR,3,LIRR MAIN LINE,COMM,C3,NA,3,151070211,Main Line,0,94.30000305,East,Greenport,Penn Station, ,Single Main,n/a,NYAR,N,N,263,Metropolitan Transportation Authority,620.60871302,2036.01507191082
90,SingleTrack,2006-04-25T00:00:00.000Z,LIRR,Long Island Rail Road,LIRR,3,LIRR MAIN LINE,COMM,C3,NA,3,151070211,Main Line,0,94.30000305,East,Greenport,Penn Station, ,Single Main,n/a,NYAR,N,N,263,Metropolitan Transportation Authority,5753.98208245,18876.6801483389
91,MultipleTrack,2006-03-30T00:00:00.000Z,LIRR,Long Island Rail Road,LIRR,3,PORT JEFFERSON BRANCH,COMM,C3,NA,3,n/a,Port Jefferson,24.79999924,63.70000076,East,Port Jefferson,Hicksville, ,Controlled Siding,n/a,NYAR,N,N,263,Metropolitan Transportation Authority,857.0211262,2812.05724500543
92,MultipleTrack,2006-03-31T00:00:00.000Z,LIRR,Long Island Rail Road,LIRR,3,PORT JEFFERSON BRANCH,COMM,C3,NA,3,150670261,Port Jefferson,24.79999924,63.70000076,East,Port Jefferson,Hicksville, ,Main,n/a,NYAR,N,N,263,Metropolitan Transportation Authority,646.98218816,2122.83177103723
93,Yard,2006-03-31T00:00:00.000Z,LIRR,Long Island Rail Road,LIRR,1,PORT JEFFERSON YARD,COMM,C3,NA,3,n/a,Port Jefferson,24.79999924,63.70000076,East,Port Jefferson,Hicksville, ,Track 2,n/a,NYAR,N,N,263,Metropolitan Transportation Authority,1690.44047466,5546.40915820646
94,MultipleTrack,2006-04-19T00:00:00.000Z,LIRR,Long Island Rail Road,LIRR,3,MONTAUK BRANCH,COMM,C3,NA,3,n/a,Montauk,0,0, , , , ,Fence Track,n/a,NYAR,N,N,263,Metropolitan Transportation Authority,263.37327906,864.126457063438
95,Siding,2006-04-07T00:00:00.000Z,LIRR,Long Island Rail Road,LIRR,3,MONTAUK BRANCH,C3,NA,NA,1,n/a,Montauk,0,0,n/a,n/a,n/a, ,Industrial Siding,n/a,NYAR,N,N,263,Metropolitan Transportation Authority,327.0465177,1073.12269566916
96,Yard,2006-04-20T00:00:00.000Z,LIRR,Long Island Rail Road,LIRR,3,SPEONK YARD,COMM,C3,NA,3,n/a,Montauk,0,0, , , , ,Track 2,n/a,NYAR,N,N,263,Metropolitan Transportation Authority,298.69389519,979.898780267791
97,Siding,2006-04-21T00:00:00.000Z,LIRR,Long Island Rail Road,LIRR,1,LIRR MAIN LINE,C3,NA,NA,1,n/a,Main Line,0,0,n/a,n/a,n/a, ,Industrial Siding,n/a,NYAR,N,N,263,Metropolitan Transportation Authority,275.24328164,903.159746524118
98,MultipleTrack,2006-04-21T00:00:00.000Z,LIRR,Long Island Rail Road,LIRR,4,LIRR MAIN LINE,COMM,C3,NA,3,n/a,Main Line,0,94.30000305,East,Greenport,Penn Station, ,Mainline 2,n/a,NYAR,N,R,263,Metropolitan Transportation Authority,4558.71532173,14959.1434369217
99,MultipleTrack,2006-04-21T00:00:00.000Z,LIRR,Long Island Rail Road,LIRR,2,LIRR MAIN LINE,COMM,NA,NA,3,n/a,Main Line,0,0, , , , ,North Side Track,n/a,NYAR,N,R,263,Metropolitan Transportation Authority,855.36159989,2806.80680151622
100,SingleTrack,2006-04-21T00:00:00.000Z,LIRR,Long Island Rail Road,LIRR,4,LIRR MAIN LINE,COMM,C3,NA,3,151070211,Main Line,0,94.30000305,East,Greenport,Penn Station, ,Single Main,n/a,NYAR,N,R,263,Metropolitan Transportation Authority,69.20575482,227.09283364966
101,MultipleTrack,2006-04-21T00:00:00.000Z,LIRR,Long Island Rail Road,LIRR,4,LIRR MAIN LINE,COMM,C3,NA,3,n/a,Main Line,0,94.30000305,East,Greenport,Penn Station, ,PW Long Siding,n/a,NYAR,N,N,263,Metropolitan Transportation Authority,1320.07215241,4331.69364939301
102,MultipleTrack,2006-04-21T00:00:00.000Z,LIRR,Long Island Rail Road,LIRR,4,LIRR MAIN LINE,COMM,C3,NA,3,151070211,Main Line,0,94.30000305,East,Greenport,Penn Station, ,Single Main,n/a,NYAR,N,R,263,Metropolitan Transportation Authority,1319.86828362,4331.02467597668
103,MultipleTrack,2006-04-21T00:00:00.000Z,LIRR,Long Island Rail Road,LIRR,4,LIRR MAIN LINE,COMM,C3,NA,3,151070211,Main Line,0,94.30000305,East,Greenport,Penn Station, ,Mainline 1,n/a,NYAR,N,R,263,Metropolitan Transportation Authority,5471.89598196,17954.7778566228
104,MultipleTrack,2006-04-21T00:00:00.000Z,LIRR,Long Island Rail Road,LIRR,4,LIRR MAIN LINE,COMM,C3,NA,3,n/a,Main Line,0,94.30000305,East,Greenport,Penn Station, ,Mainline 2,n/a,NYAR,N,R,263,Metropolitan Transportation Authority,5472.11645645,17955.5012249439
105,MultipleTrack,2006-04-21T00:00:00.000Z,LIRR,Long Island Rail Road,LIRR,4,LIRR MAIN LINE,COMM,C3,NA,3,n/a,Main Line,0,94.30000305,East,Greenport,Penn Station, ,Pineaire 2 to 1,n/a,NYAR,N,R,263,Metropolitan Transportation Authority,55.18516105,181.078236984284
106,MultipleTrack,2006-04-24T00:00:00.000Z,LIRR,Long Island Rail Road,LIRR,4,LIRR MAIN LINE,COMM,C3,NA,3,151070211,Main Line,0,94.30000305,East,Greenport,Penn Station, ,Single Main,n/a,NYAR,N,R,263,Metropolitan Transportation Authority,1104.94920443,3625.55146617046
107,MultipleTrack,2006-04-24T00:00:00.000Z,LIRR,Long Island Rail Road,LIRR,4,LIRR MAIN LINE,COMM,C3,NA,3,n/a,Main Line,0,94.30000305,East,Greenport,Penn Station, ,KO South Side Track,n/a,NYAR,N,R,263,Metropolitan Transportation Authority,2305.83614629,7565.67450258585
108,MultipleTrack,2006-04-24T00:00:00.000Z,LIRR,Long Island Rail Road,LIRR,4,LIRR MAIN LINE,COMM,C3,NA,3,n/a,Main Line,0,94.30000305,East,Greenport,Penn Station, ,KO Main to S Side,n/a,NYAR,N,R,263,Metropolitan Transportation Authority,70.0422187,229.815855750094
109,MultipleTrack,2006-04-24T00:00:00.000Z,LIRR,Long Island Rail Road,LIRR,4,LIRR MAIN LINE,COMM,C3,NA,3,n/a,Main Line,0,94.30000305,East,Greenport,Penn Station, ,KO Main to S Side,n/a,NYAR,N,R,263,Metropolitan Transportation Authority,57.89777543,189.967896655782
110,Yard,2006-04-20T00:00:00.000Z,LIRR,Long Island Rail Road,LIRR,3,SPEONK YARD,COMM,NA,NA,2,n/a,Montauk,0,0, , , , ,Track 4,n/a,NYAR,N,N,263,Metropolitan Transportation Authority,324.24260613,1063.71395685391
111,Siding,2006-04-20T00:00:00.000Z,LIRR,Long Island Rail Road,LIRR,3,MONTAUK BRANCH,C3,NA,NA,1,n/a,Montauk,0,0,n/a,n/a,n/a, ,Industrial Siding,n/a,NYAR,N,N,263,Metropolitan Transportation Authority,315.47648891,1034.96922422077
112,Siding,2006-04-20T00:00:00.000Z,LIRR,Long Island Rail Road,LIRR,3,MONTAUK BRANCH,C3,NA,NA,1,n/a,Montauk,0,0,n/a,n/a,n/a, ,Industrial Siding,n/a,NYAR,N,N,263,Metropolitan Transportation Authority,272.00653098,892.359039696966
113,Yard,2006-04-20T00:00:00.000Z,LIRR,Long Island Rail Road,LIRR,3,SPEONK YARD,COMM,NA,NA,2,n/a,Montauk,0,0, , , , ,Track 5,n/a,NYAR,N,N,263,Metropolitan Transportation Authority,353.23762327,1158.83536595398
114,Yard,2006-04-20T00:00:00.000Z,LIRR,Long Island Rail Road,LIRR,3,SPEONK YARD,COMM,C3,NA,3,n/a,Montauk,0,0, , , , ,Track 1,n/a,NYAR,N,N,263,Metropolitan Transportation Authority,443.81104823,1455.9712126338
115,MultipleTrack,2006-04-20T00:00:00.000Z,LIRR,Long Island Rail Road,LIRR,3,MONTAUK BRANCH,COMM,C3,NA,3,54,Montauk,0,115.09999847,East,Montauk,Penn Station, ,Single Main,n/a,NYAR,N,N,263,Metropolitan Transportation Authority,1001.52628439,3285.37743250717
116,MultipleTrack,2006-04-20T00:00:00.000Z,LIRR,Long Island Rail Road,LIRR,3,MONTAUK BRANCH,COMM,C3,NA,3,n/a,Montauk,0,115.09999847,East,Montauk,Penn Station, ,ND Siding,n/a,NYAR,N,N,263,Metropolitan Transportation Authority,1001.82011681,3286.34130828538
117,Yard,2006-04-20T00:00:00.000Z,LIRR,Long Island Rail Road,LIRR,3,SPEONK YARD,COMM,NA,NA,2,n/a,Montauk,0,0, , , , ,Track 6,n/a,NYAR,N,N,263,Metropolitan Transportation Authority,311.49067633,1021.87992819481
118,Yard,2006-04-20T00:00:00.000Z,LIRR,Long Island Rail Road,LIRR,3,SPEONK YARD,COMM,NA,NA,2,n/a,Montauk,0,0, , , , ,Track 7,n/a,NYAR,N,N,263,Metropolitan Transportation Authority,170.36525583,558.902343360879
119,Yard,2006-04-20T00:00:00.000Z,LIRR,Long Island Rail Road,LIRR,3,SPEONK YARD,COMM,C3,NA,3,n/a,Montauk,0,0, , , , ,Track 3,n/a,NYAR,N,N,263,Metropolitan Transportation Authority,172.86863716,567.114977912051
120,Yard,2006-04-20T00:00:00.000Z,LIRR,Long Island Rail Road,LIRR,1,SPEONK YARD,COMM,C3,NA,3,n/a,Montauk,0,0, , , , ,Tail,n/a,NYAR,N,N,263,Metropolitan Transportation Authority,85.59403988,280.800625687987
121,Yard,2006-04-20T00:00:00.000Z,LIRR,Long Island Rail Road,LIRR,3,SPEONK YARD,COMM,C3,NA,3,n/a,Montauk,0,0, , , , ,East Wye,n/a,NYAR,N,N,263,Metropolitan Transportation Authority,239.07594859,784.315194477382
122,Siding,2006-04-10T00:00:00.000Z,LIRR,Long Island Rail Road,LIRR,3,MONTAUK BRANCH,C3,NA,NA,1,n/a,Montauk,0,0,n/a,n/a,n/a, ,Industrial Siding,n/a,NYAR,N,N,263,Metropolitan Transportation Authority,156.1575098,512.38891073987
123,Siding,2006-04-07T00:00:00.000Z,LIRR,Long Island Rail Road,LIRR,1,MONTAUK BRANCH,C3,NA,NA,1,n/a,Montauk,0,0,n/a,n/a,n/a, ,Industrial Siding,n/a,NYAR,N,N,263,Metropolitan Transportation Authority,223.64774365,733.84507657104
124,Yard,2006-04-07T00:00:00.000Z,LIRR,Long Island Rail Road,LIRR,1,BABYLON YARD,COMM,NA,NA,2,n/a,Montauk,0,0, , , , , ,n/a,n/a,N,R,263,Metropolitan Transportation Authority,305.00050379,1000.80322467403
125,Yard,2006-04-07T00:00:00.000Z,LIRR,Long Island Rail Road,LIRR,1,BABYLON YARD,COMM,NA,NA,2,n/a,Montauk,0,0, , , , , ,n/a,n/a,N,R,263,Metropolitan Transportation Authority,293.89542507,964.363900147212
126,MultipleTrack,2006-04-07T00:00:00.000Z,LIRR,Long Island Rail Road,LIRR,4,MONTAUK BRANCH,COMM,C3,NA,3,n/a,Montauk,0,115.09999847,East,Montauk,Penn Station, ,Babylon Yd Secondary,n/a,NYAR,N,R,263,Metropolitan Transportation Authority,2269.63240493,7447.39362508557
127,MultipleTrack,2006-04-07T00:00:00.000Z,LIRR,Long Island Rail Road,LIRR,4,MONTAUK BRANCH,COMM,C3,NA,3,n/a,Montauk,0,115.09999847,East,Montauk,Penn Station, ,Babylon 2nd to 1,n/a,NYAR,N,R,263,Metropolitan Transportation Authority,76.74969424,251.84062844117
128,Siding,2006-04-10T00:00:00.000Z,LIRR,Long Island Rail Road,LIRR,1,MONTAUK BRANCH,C3,NA,NA,1,n/a,Montauk,0,0,n/a,n/a,n/a, ,Industrial Siding,n/a,NYAR,N,N,263,Metropolitan Transportation Authority,347.52038517,1140.28908918885
129,Siding,2006-03-30T00:00:00.000Z,LIRR,Long Island Rail Road,LIRR,1,PORT JEFFERSON BRANCH,COMM,C3,NA,3,n/a,Port Jefferson,24.79999924,63.70000076,East,Port Jefferson,Hicksville, ,Runaround,n/a,NYAR,N,N,263,Metropolitan Transportation Authority,377.56703574,1238.93513304013
130,Siding,2006-04-25T00:00:00.000Z,LIRR,Long Island Rail Road,LIRR,1,LIRR MAIN LINE,C3,NA,NA,1,n/a,Main Line,0,0,n/a,n/a,n/a, ,Industrial Siding,n/a,NYAR,N,N,263,Metropolitan Transportation Authority,250.44752602,821.569204813767
131,MultipleTrack,2006-04-25T00:00:00.000Z,LIRR,Long Island Rail Road,LIRR,3,LIRR MAIN LINE,COMM,C3,NA,3,n/a,Main Line,0,0, , , , ,Middle,n/a,NYAR,N,N,263,Metropolitan Transportation Authority,387.71918547,1271.78962446837
132,Siding,2006-04-25T00:00:00.000Z,LIRR,Long Island Rail Road,LIRR,1,LIRR MAIN LINE,C3,NA,NA,1,n/a,Main Line,0,0,n/a,n/a,n/a, ,Industrial Siding,n/a,NYAR,N,N,263,Metropolitan Transportation Authority,82.72853888,271.401979669051
133,SingleTrack,2006-04-25T00:00:00.000Z,LIRR,Long Island Rail Road,LIRR,3,LIRR MAIN LINE,COMM,C3,NA,3,151070211,Main Line,0,94.30000305,East,Greenport,Penn Station, ,Single Main,n/a,NYAR,N,N,263,Metropolitan Transportation Authority,13865.0333592,45483.9606878198
134,MultipleTrack,2006-04-25T00:00:00.000Z,LIRR,Long Island Rail Road,LIRR,3,LIRR MAIN LINE,COMM,C3,NA,3,151070211,Main Line,0,94.30000305,East,Greenport,Penn Station, ,Single Main,n/a,NYAR,N,N,263,Metropolitan Transportation Authority,576.57368298,1891.39569069269
135,SingleTrack,2006-04-25T00:00:00.000Z,LIRR,Long Island Rail Road,LIRR,3,LIRR MAIN LINE,COMM,C3,NA,3,151070211,Main Line,0,94.30000305,East,Greenport,Penn Station, ,Single Main,n/a,NYAR,N,N,263,Metropolitan Transportation Authority,12164.0245289,39902.1157792544
136,MultipleTrack,2006-04-25T00:00:00.000Z,LIRR,Long Island Rail Road,LIRR,3,LIRR MAIN LINE,COMM,C3,NA,3,151070211,Main Line,0,94.30000305,East,Greenport,Penn Station, ,Single Main,n/a,NYAR,N,N,263,Metropolitan Transportation Authority,395.75868186,1298.19331954043
137,SingleTrack,2006-04-25T00:00:00.000Z,LIRR,Long Island Rail Road,LIRR,3,LIRR MAIN LINE,COMM,C3,NA,3,151070211,Main Line,0,94.30000305,East,Greenport,Penn Station, ,Single Main,n/a,NYAR,N,N,263,Metropolitan Transportation Authority,6047.88452782,19838.413627541
138,Yard,2006-03-31T00:00:00.000Z,LIRR,Long Island Rail Road,LIRR,1,PORT JEFFERSON YARD,COMM,C3,NA,3,n/a,Port Jefferson,0,0, , , , , ,n/a,NYAR,N,N,263,Metropolitan Transportation Authority,228.2502484,748.896910357556
139,MultipleTrack,2006-04-07T00:00:00.000Z,LIRR,Long Island Rail Road,LIRR,4,MONTAUK BRANCH,COMM,C3,NA,3,n/a,Montauk,0,115.09999847,East,Montauk,Penn Station, ,Babylon 1 to 2,n/a,NYAR,N,R,263,Metropolitan Transportation Authority,67.56710738,221.709802343243
140,MultipleTrack,2006-04-07T00:00:00.000Z,LIRR,Long Island Rail Road,LIRR,4,MONTAUK BRANCH,COMM,C3,NA,3,n/a,Montauk,0,115.09999847,East,Montauk,Penn Station, ,Babylon 1 to 2,n/a,NYAR,N,R,263,Metropolitan Transportation Authority,68.39889293,224.439065243178
141,MultipleTrack,2006-04-07T00:00:00.000Z,LIRR,Long Island Rail Road,LIRR,4,MONTAUK BRANCH,COMM,C3,NA,3,n/a,Montauk,0,115.09999847,East,Montauk,Penn Station, ,Babylon 1 to 2nd,n/a,NYAR,N,R,263,Metropolitan Transportation Authority,64.88506829,212.908849017416
142,MultipleTrack,2006-04-07T00:00:00.000Z,LIRR,Long Island Rail Road,LIRR,4,MONTAUK BRANCH,COMM,C3,NA,3,n/a,Montauk,0,115.09999847,East,Montauk,Penn Station, ,Babylon 1 to 2,n/a,NYAR,N,R,263,Metropolitan Transportation Authority,70.04400046,229.836051360101
143,MultipleTrack,2006-04-25T00:00:00.000Z,LIRR,Long Island Rail Road,LIRR,3,LIRR MAIN LINE,COMM,C3,NA,3,n/a,Main Line,0,94.30000305,East,Greenport,Penn Station, ,LD Siding,n/a,NYAR,N,N,263,Metropolitan Transportation Authority,935.61132,3069.34541604565
144,MultipleTrack,2006-03-29T00:00:00.000Z,LIRR,Long Island Rail Road,LIRR,1,CENTRAL BRANCH,C3,NA,NA,1,n/a,Central,28.70000076,35.90000153,South,Bellmont Junction,Bethpage, ,Wellwood Siding,n/a,NYAR,N,N,263,Metropolitan Transportation Authority,884.94316792,2903.85065104744
145,MultipleTrack,2006-03-30T00:00:00.000Z,LIRR,Long Island Rail Road,LIRR,4,PORT JEFFERSON BRANCH,COMM,C3,NA,3,150670261,Port Jefferson,0,0, , , , ,Main,n/a,NYAR,N,N,263,Metropolitan Transportation Authority,1044.93470456,3428.8101550994
146,Siding,2006-03-29T00:00:00.000Z,LIRR,Long Island Rail Road,LIRR,1,CENTRAL BRANCH,C3,NA,NA,1,n/a,Central,0,0, , , , ,Pergament,n/a,NYAR,N,N,263,Metropolitan Transportation Authority,246.93503735,810.294972627626
147,Siding,2006-03-29T00:00:00.000Z,LIRR,Long Island Rail Road,LIRR,1,CENTRAL BRANCH,C3,NA,NA,1,n/a,Central,0,0, , , , ,Pergament,n/a,NYAR,N,N,263,Metropolitan Transportation Authority,149.38510249,490.194082699064
148,MultipleTrack,2006-03-31T00:00:00.000Z,LIRR,Long Island Rail Road,LIRR,3,PORT JEFFERSON BRANCH,COMM,C3,NA,3,n/a,Port Jefferson,24.79999924,63.70000076,East,Port Jefferson,Hicksville, ,Controlled Siding,n/a,NYAR,N,N,263,Metropolitan Transportation Authority,647.59472745,2124.84160053479
149,SingleTrack,2006-03-31T00:00:00.000Z,LIRR,Long Island Rail Road,LIRR,3,PORT JEFFERSON BRANCH,COMM,C3,NA,3,150670261,Port Jefferson,24.79999924,63.70000076,East,Port Jefferson,Hicksville, ,Main,n/a,NYAR,N,N,263,Metropolitan Transportation Authority,8997.98719248,29523.8153872552
150,MultipleTrack,2006-03-24T00:00:00.000Z,LIRR,Long Island Rail Road,LIRR,4,PORT JEFFERSON BRANCH,COMM,C3,NA,3,150670261,Port Jefferson,0,0, , , , ,Track 1,n/a,NYAR,N,R,263,Metropolitan Transportation Authority,16862.3511328,55333.2407748975
151,Siding,2006-03-29T00:00:00.000Z,LIRR,Long Island Rail Road,LIRR,3,CENTRAL BRANCH,C3,NA,NA,1,n/a,Central,0,0, , , , ,AMCO Plastics,n/a,NYAR,N,N,263,Metropolitan Transportation Authority,170.22085653,558.566136611277
152,Siding,2006-03-29T00:00:00.000Z,LIRR,Long Island Rail Road,LIRR,1,CENTRAL BRANCH,C3,NA,NA,1,n/a,Central,0,0, , , , ,AMCO Plastics,n/a,NYAR,N,N,263,Metropolitan Transportation Authority,76.81157716,252.05125978021
153,MultipleTrack,2006-03-30T00:00:00.000Z,LIRR,Long Island Rail Road,LIRR,4,PORT JEFFERSON BRANCH,COMM,C3,NA,3,150670261,Port Jefferson,0,0, , , , ,Main,n/a,NYAR,N,R,263,Metropolitan Transportation Authority,1256.1175117,4121.81766866104
154,MultipleTrack,2006-04-20T00:00:00.000Z,LIRR,Long Island Rail Road,LIRR,1,MONTAUK BRANCH,COMM,C3,NA,3,n/a,Montauk,0,0, , , , ,SN Siding,n/a,NYAR,N,N,263,Metropolitan Transportation Authority,779.16195074,2555.78695683959
155,Siding,2006-03-30T00:00:00.000Z,LIRR,Long Island Rail Road,LIRR,1,PORT JEFFERSON BRANCH,COMM,C3,NA,3,n/a,Port Jefferson,0,0, , , , ,Runaround,n/a,NYAR,N,R,263,Metropolitan Transportation Authority,664.21685209,2179.56746677072
156,Siding,2006-03-29T00:00:00.000Z,LIRR,Long Island Rail Road,LIRR,1,CENTRAL BRANCH,C3,NA,NA,1,n/a,Central,0,0,n/a,n/a,n/a, ,Industrial Siding,n/a,NYAR,N,N,263,Metropolitan Transportation Authority,232.47747718,762.842324444009
157,Siding,2006-04-21T00:00:00.000Z,LIRR,Long Island Rail Road,LIRR,0,LIRR MAIN LINE,C3,NA,NA,1,n/a,Main Line,0,0,n/a,n/a,n/a, ,Industrial Siding,n/a,NYAR,N,N,263,Metropolitan Transportation Authority,1135.84250514,3727.18050637136
158,Siding,2006-04-21T00:00:00.000Z,LIRR,Long Island Rail Road,LIRR,0,LIRR MAIN LINE,C3,NA,NA,1,n/a,Main Line,0,0,n/a,n/a,n/a, ,Industrial Siding,n/a,NYAR,N,N,263,Metropolitan Transportation Authority,1666.33652132,5467.95625175229
159,Yard,2006-04-07T00:00:00.000Z,LIRR,Long Island Rail Road,LIRR,1,BABYLON YARD,COMM,NA,NA,2,n/a,Montauk,0,0, , , , , ,n/a,n/a,N,R,263,Metropolitan Transportation Authority,457.88742566,1502.4734556413
160,Yard,2006-04-07T00:00:00.000Z,LIRR,Long Island Rail Road,LIRR,1,BABYLON YARD,COMM,NA,NA,2,n/a,Montauk,0,0, , , , , ,n/a,n/a,N,R,263,Metropolitan Transportation Authority,552.36901513,1812.49728990725
161,Siding,2006-04-10T00:00:00.000Z,LIRR,Long Island Rail Road,LIRR,3,MONTAUK BRANCH,C3,NA,NA,1,n/a,Montauk,0,0,n/a,n/a,n/a, ,Industrial Siding,n/a,NYAR,N,N,263,Metropolitan Transportation Authority,557.91626876,1830.57151533468
162,Siding,2006-04-07T00:00:00.000Z,LIRR,Long Island Rail Road,LIRR,3,MONTAUK BRANCH,C3,NA,NA,1,n/a,Montauk,0,0,n/a,n/a,n/a, ,Industrial Siding,n/a,NYAR,N,N,263,Metropolitan Transportation Authority,440.70142146,1446.0839239892
163,MultipleTrack,2006-04-25T00:00:00.000Z,LIRR,Long Island Rail Road,LIRR,2,LIRR MAIN LINE,COMM,C3,NA,3,n/a,Main Line,0,0, , , , ,Pocket,n/a,NYAR,N,N,263,Metropolitan Transportation Authority,187.82364041,616.095425362243
164,Yard,2006-04-24T00:00:00.000Z,LIRR,Long Island Rail Road,LIRR,1,RONKONKOMA YARD,COMM,NA,NA,2,n/a,Main Line,0,0, , , , ,Track 7,n/a,n/a,N,R,263,Metropolitan Transportation Authority,401.57392227,1317.59864427537
165,MultipleTrack,2006-04-25T00:00:00.000Z,LIRR,Long Island Rail Road,LIRR,3,LIRR MAIN LINE,COMM,C3,NA,3,n/a,Main Line,0,0, , , , ,K Siding,n/a,NYAR,N,N,263,Metropolitan Transportation Authority,576.86587467,1892.35424206152
166,Siding,2006-04-24T00:00:00.000Z,LIRR,Long Island Rail Road,LIRR,0,LIRR MAIN LINE,C3,NA,NA,1,n/a,Main Line,0,0,n/a,n/a,n/a, ,Industrial Siding,n/a,NYAR,N,N,263,Metropolitan Transportation Authority,162.70117838,533.858075865123
167,Siding,2006-04-21T00:00:00.000Z,LIRR,Long Island Rail Road,LIRR,1,LIRR MAIN LINE,C3,NA,NA,1,n/a,Main Line,0,0,n/a,n/a,n/a, ,Industrial Siding,n/a,NYAR,N,N,263,Metropolitan Transportation Authority,186.86402702,613.177333302176
168,MultipleTrack,2006-04-21T00:00:00.000Z,LIRR,Long Island Rail Road,LIRR,2,LIRR MAIN LINE,COMM,C3,NA,3,n/a,Main Line,0,0, , , , ,Wyandanch Freight,n/a,NYAR,N,R,263,Metropolitan Transportation Authority,697.45571732,2288.60614146393
169,MultipleTrack,2006-04-25T00:00:00.000Z,LIRR,Long Island Rail Road,LIRR,1,LIRR MAIN LINE,COMM,C3,NA,3,n/a,Main Line,0,0, , , , ,Southold DE Freight,n/a,NYAR,N,N,263,Metropolitan Transportation Authority,396.33132799,1300.07179381063
170,Siding,2006-04-24T00:00:00.000Z,LIRR,Long Island Rail Road,LIRR,0,LIRR MAIN LINE,C3,NA,NA,1,n/a,Main Line,0,0,n/a,n/a,n/a, ,Industrial Siding,n/a,NYAR,N,N,263,Metropolitan Transportation Authority,167.6542116,550.107593856938
171,MultipleTrack,2006-04-21T00:00:00.000Z,LIRR,Long Island Rail Road,LIRR,0,LIRR MAIN LINE,COMM,C3,NA,3,n/a,Main Line,0,0, , , , ,Pineaire Siding,n/a,NYAR,N,N,263,Metropolitan Transportation Authority,1265.4529197,4152.30324062816
172,Yard,2006-04-24T00:00:00.000Z,LIRR,Long Island Rail Road,LIRR,1,RONKONKOMA YARD,COMM,NA,NA,2,n/a,Main Line,0,0, , , , ,Track 9,n/a,n/a,N,R,263,Metropolitan Transportation Authority,675.70125991,2217.03558579548
173,Siding,2006-04-25T00:00:00.000Z,LIRR,Long Island Rail Road,LIRR,1,LIRR MAIN LINE,C3,NA,NA,1,n/a,Main Line,0,0,n/a,n/a,n/a, ,Industrial Siding,n/a,NYAR,N,N,263,Metropolitan Transportation Authority,141.09961441,462.894691188706
174,MultipleTrack,2006-04-24T00:00:00.000Z,LIRR,Long Island Rail Road,LIRR,2,LIRR MAIN LINE,COMM,C3,NA,3,n/a,Main Line,0,0, , , , ,CI Siding,n/a,NYAR,N,R,263,Metropolitan Transportation Authority,1105.22213263,3626.4470125201
175,Siding,2006-04-24T00:00:00.000Z,LIRR,Long Island Rail Road,LIRR,1,LIRR MAIN LINE,C3,NA,NA,1,n/a,Main Line,0,0,n/a,n/a,n/a, ,Industrial Siding,n/a,NYAR,N,N,263,Metropolitan Transportation Authority,249.33707301,818.065349229797
176,Siding,2006-04-25T00:00:00.000Z,LIRR,Long Island Rail Road,LIRR,1,LIRR MAIN LINE,C3,NA,NA,1,n/a,Main Line,0,0,n/a,n/a,n/a, ,Industrial Siding,n/a,NYAR,N,N,263,Metropolitan Transportation Authority,126.98531642,416.586159166441
177,Siding,2006-04-21T00:00:00.000Z,LIRR,Long Island Rail Road,LIRR,0,LIRR MAIN LINE,C3,NA,NA,1,n/a,Main Line,0,0,n/a,n/a,n/a, ,Industrial Siding,n/a,NYAR,N,N,263,Metropolitan Transportation Authority,225.55966743,740.123277876186
178,Siding,2006-04-21T00:00:00.000Z,LIRR,Long Island Rail Road,LIRR,0,LIRR MAIN LINE,C3,NA,NA,1,n/a,Main Line,0,0,n/a,n/a,n/a, ,Industrial Siding,n/a,NYAR,N,N,263,Metropolitan Transportation Authority,228.1318351,748.597630758365
179,Siding,2006-04-25T00:00:00.000Z,LIRR,Long Island Rail Road,LIRR,1,LIRR MAIN LINE,C3,NA,NA,1,n/a,Main Line,0,0,n/a,n/a,n/a, ,Industrial Siding,n/a,NYAR,N,N,263,Metropolitan Transportation Authority,174.29369625,571.929576001524
180,MultipleTrack,2006-04-24T00:00:00.000Z,LIRR,Long Island Rail Road,LIRR,2,LIRR MAIN LINE,COMM,C3,NA,3,n/a,Main Line,0,0, , , , ,KO North Siding,n/a,NYAR,N,R,263,Metropolitan Transportation Authority,598.3270834,1963.17695818561
181,SingleTrack,2006-04-24T00:00:00.000Z,LIRR,Long Island Rail Road,LIRR,4,LIRR MAIN LINE,COMM,C3,NA,3,151070211,Main Line,0,94.30000305,East,Greenport,Penn Station, ,Single Main,n/a,NYAR,N,R,263,Metropolitan Transportation Authority,5931.87258972,19463.365130521
182,MultipleTrack,2006-04-24T00:00:00.000Z,LIRR,Long Island Rail Road,LIRR,4,LIRR MAIN LINE,COMM,C3,NA,3,151070211,Main Line,0,94.30000305,East,Greenport,Penn Station, ,Single Main,n/a,NYAR,N,R,263,Metropolitan Transportation Authority,2388.63581076,7837.34954642766
183,Siding,2006-04-24T00:00:00.000Z,LIRR,Long Island Rail Road,LIRR,1,LIRR MAIN LINE,C3,NA,NA,1,n/a,Main Line,0,0,n/a,n/a,n/a, ,Industrial Siding,n/a,NYAR,N,N,263,Metropolitan Transportation Authority,163.6466411,536.91711379912
184,SingleTrack,2006-04-21T00:00:00.000Z,LIRR,Long Island Rail Road,LIRR,4,LIRR MAIN LINE,COMM,C3,NA,3,151070211,Main Line,0,94.30000305,East,Greenport,Penn Station, ,Single Main,n/a,NYAR,N,R,263,Metropolitan Transportation Authority,2568.58009777,8428.40084293262
185,SingleTrack,2006-04-24T00:00:00.000Z,LIRR,Long Island Rail Road,LIRR,4,LIRR MAIN LINE,COMM,C3,NA,3,151070211,Main Line,0,94.30000305, ,Greenport,Penn Station, ,Single Main,n/a,NYAR,N,N,263,Metropolitan Transportation Authority,14986.5000364,49170.4572481592
186,Siding,2006-04-21T00:00:00.000Z,LIRR,Long Island Rail Road,LIRR,0,LIRR MAIN LINE,C3,NA,NA,1,n/a,Main Line,0,0,n/a,n/a,n/a, ,Industrial Siding,n/a,NYAR,N,N,263,Metropolitan Transportation Authority,77.34193592,253.791624948007
187,Siding,2006-04-21T00:00:00.000Z,LIRR,Long Island Rail Road,LIRR,0,LIRR MAIN LINE,C3,NA,NA,1,n/a,Main Line,0,0,n/a,n/a,n/a, ,Industrial Siding,n/a,NYAR,N,N,263,Metropolitan Transportation Authority,860.8134671,2824.56862599917
188,Yard,2006-04-24T00:00:00.000Z,LIRR,Long Island Rail Road,LIRR,1,RONKONKOMA YARD,COMM,NA,NA,2,n/a,Main Line,0,0, , , , ,Track 3,n/a,n/a,N,R,263,Metropolitan Transportation Authority,421.35881708,1382.5152857417
189,Yard,2006-04-24T00:00:00.000Z,LIRR,Long Island Rail Road,LIRR,1,RONKONKOMA YARD,COMM,NA,NA,2,n/a,Main Line,0,0, , , , ,Track 2,n/a,n/a,N,R,263,Metropolitan Transportation Authority,382.8907882,1256.29822621179
190,Yard,2006-04-24T00:00:00.000Z,LIRR,Long Island Rail Road,LIRR,1,RONKONKOMA YARD,COMM,NA,NA,2,n/a,Main Line,0,0, , , , ,Track 6,n/a,n/a,N,R,263,Metropolitan Transportation Authority,453.46525874,1487.85901946493
191,Yard,2006-04-24T00:00:00.000Z,LIRR,Long Island Rail Road,LIRR,1,RONKONKOMA YARD,COMM,NA,NA,2,n/a,Main Line,0,0, , , , ,Track 5,n/a,n/a,N,R,263,Metropolitan Transportation Authority,416.94790692,1368.04235745024
192,Siding,2006-04-24T00:00:00.000Z,LIRR,Long Island Rail Road,LIRR,1,LIRR MAIN LINE,C3,NA,NA,1,n/a,Main Line,0,0,n/a,n/a,n/a, ,Industrial Siding,n/a,NYAR,N,N,263,Metropolitan Transportation Authority,173.8032632,570.227511458626
193,MultipleTrack,2006-04-24T00:00:00.000Z,LIRR,Long Island Rail Road,LIRR,4,LIRR MAIN LINE,COMM,C3,NA,3,151070211,Main Line,0,94.30000305,East,Greenport,Penn Station, ,Single Main,n/a,NYAR,N,N,263,Metropolitan Transportation Authority,701.19362918,2300.52981549033
194,SingleTrack,2006-04-24T00:00:00.000Z,LIRR,Long Island Rail Road,LIRR,4,LIRR MAIN LINE,COMM,C3,NA,3,151070211,Main Line,0,94.30000305,East,Greenport,Penn Station, ,Single Main,n/a,NYAR,N,N,263,Metropolitan Transportation Authority,9896.65902565,32469.0809195919
195,Siding,2006-04-24T00:00:00.000Z,LIRR,Long Island Rail Road,LIRR,1,LIRR MAIN LINE,C3,NA,NA,1,n/a,Main Line,0,0,n/a,n/a,n/a, ,Industrial Siding,n/a,NYAR,N,N,263,Metropolitan Transportation Authority,381.39122164,1251.29181865943
196,Siding,2006-04-24T00:00:00.000Z,PRVT,Brookhaven Labratories,LIRR,1,LIRR MAIN LINE,C3,NA,NA,1,n/a,Main Line,0,0,n/a,n/a,n/a, ,Industrial Siding,n/a,NYAR,N,N,263,Metropolitan Transportation Authority,2659.74261219,8726.14485171745
197,Siding,2006-04-24T00:00:00.000Z,PRVT,Brookhaven Labratories,LIRR,1,LIRR MAIN LINE,C3,NA,NA,1,n/a,Main Line,0,0,n/a,n/a,n/a, ,Industrial Siding,n/a,NYAR,N,N,263,Metropolitan Transportation Authority,791.79178474,2597.73642001425
198,Siding,2006-04-24T00:00:00.000Z,PRVT,Brookhaven Labratories,LIRR,1,LIRR MAIN LINE,C3,NA,NA,1,n/a,Main Line,0,0,n/a,n/a,n/a, ,Industrial Siding,n/a,NYAR,N,N,263,Metropolitan Transportation Authority,585.66001808,1921.44135660478
199,Yard,2006-04-24T00:00:00.000Z,LIRR,Long Island Rail Road,LIRR,1,RONKONKOMA YARD,COMM,NA,NA,2,n/a,Main Line,0,0, , , , ,Track 8,n/a,n/a,N,R,263,Metropolitan Transportation Authority,433.85012301,1423.49999584432
200,Siding,2006-04-25T00:00:00.000Z,LIRR,Long Island Rail Road,LIRR,1,LIRR MAIN LINE,C3,NA,NA,1,n/a,Main Line,0,0,n/a,n/a,n/a, ,Industrial Siding,n/a,NYAR,N,N,263,Metropolitan Transportation Authority,117.38290535,385.08353384637
201,Siding,2006-04-25T00:00:00.000Z,LIRR,Long Island Rail Road,LIRR,1,LIRR MAIN LINE,C3,NA,NA,1,n/a,Main Line,0,0,n/a,n/a,n/a, ,Industrial Siding,n/a,NYAR,N,N,263,Metropolitan Transportation Authority,74.39358068,244.053926881442
202,Siding,2006-04-25T00:00:00.000Z,LIRR,Long Island Rail Road,LIRR,1,LIRR MAIN LINE,C3,NA,NA,1,n/a,Main Line,0,0,n/a,n/a,n/a, ,Industrial Siding,n/a,NYAR,N,N,263,Metropolitan Transportation Authority,148.34594406,486.659710583442
203,Siding,2006-04-25T00:00:00.000Z,LIRR,Long Island Rail Road,LIRR,1,LIRR MAIN LINE,C3,NA,NA,1,n/a,Main Line,0,0,n/a,n/a,n/a, ,Industrial Siding,n/a,NYAR,N,N,263,Metropolitan Transportation Authority,371.68071611,1219.32649436109
204,Siding,2006-03-30T00:00:00.000Z,LIRR,Long Island Rail Road,LIRR,1,PORT JEFFERSON BRANCH,COMM,C3,NA,3,n/a,Port Jefferson,0,0,n/a,n/a,n/a, ,Industrial Siding,n/a,NYAR,N,N,263,Metropolitan Transportation Authority,150.16660051,492.754446939112
205,Siding,2006-03-30T00:00:00.000Z,LIRR,Long Island Rail Road,LIRR,1,PORT JEFFERSON BRANCH,COMM,C3,NA,3,n/a,Port Jefferson,0,0,n/a,n/a,n/a, ,Industrial Siding,n/a,NYAR,N,N,263,Metropolitan Transportation Authority,307.97851271,1010.59543294863
206,Siding,2006-03-30T00:00:00.000Z,LIRR,Long Island Rail Road,LIRR,1,PORT JEFFERSON BRANCH,COMM,C3,NA,3,n/a,Port Jefferson,0,0,n/a,n/a,n/a, ,Industrial Siding,n/a,NYAR,N,N,263,Metropolitan Transportation Authority,303.01219013,994.231714904405
207,Siding,2006-03-30T00:00:00.000Z,LIRR,Long Island Rail Road,LIRR,1,PORT JEFFERSON BRANCH,COMM,C3,NA,3,n/a,Port Jefferson,0,0,n/a,n/a,n/a, ,Industrial Siding,n/a,NYAR,N,N,263,Metropolitan Transportation Authority,267.06593532,876.352586286729
208,Siding,2006-03-30T00:00:00.000Z,LIRR,Long Island Rail Road,LIRR,1,PORT JEFFERSON BRANCH,COMM,C3,NA,3,n/a,Port Jefferson,0,0,n/a,n/a,n/a, ,Industrial Siding,n/a,NYAR,N,N,263,Metropolitan Transportation Authority,181.21058221,594.622484715142
209,Siding,2006-03-30T00:00:00.000Z,LIRR,Long Island Rail Road,LIRR,1,PORT JEFFERSON BRANCH,COMM,C3,NA,3,n/a,Port Jefferson,0,0,n/a,n/a,n/a, ,Industrial Siding,n/a,NYAR,N,N,263,Metropolitan Transportation Authority,225.25778389,739.160714709163
210,Siding,2006-03-29T00:00:00.000Z,LIRR,Long Island Rail Road,LIRR,1,CENTRAL BRANCH,C3,NA,NA,1,n/a,Central,0,0,n/a,n/a,n/a, ,Industrial Siding,n/a,NYAR,N,N,263,Metropolitan Transportation Authority,196.80923659,645.802042176797
211,Siding,2006-03-29T00:00:00.000Z,LIRR,Long Island Rail Road,LIRR,1,CENTRAL BRANCH,C3,NA,NA,1,n/a,Central,0,0,n/a,n/a,n/a, ,Industrial Siding,n/a,NYAR,N,N,263,Metropolitan Transportation Authority,26.26074767,86.1719690522647
212,Siding,2006-03-29T00:00:00.000Z,LIRR,Long Island Rail Road,LIRR,1,CENTRAL BRANCH,C3,NA,NA,1,n/a,Central,0,0,n/a,n/a,n/a, ,Industrial Siding,n/a,NYAR,N,N,263,Metropolitan Transportation Authority,81.86266937,268.624167985248
213,Siding,2006-04-25T00:00:00.000Z,LIRR,Long Island Rail Road,LIRR,1,LIRR MAIN LINE,C3,NA,NA,1,n/a,Main Line,0,0,n/a,n/a,n/a, ,Industrial Siding,n/a,NYAR,N,N,263,Metropolitan Transportation Authority,189.82005072,622.724469515209
214,Siding,2006-04-25T00:00:00.000Z,LIRR,Long Island Rail Road,LIRR,1,LIRR MAIN LINE,C3,NA,NA,1,n/a,Main Line,0,0,n/a,n/a,n/a, ,Industrial Siding,n/a,NYAR,N,N,263,Metropolitan Transportation Authority,45.13982211,148.084842206964
215,Siding,2006-04-25T00:00:00.000Z,LIRR,Long Island Rail Road,LIRR,1,LIRR MAIN LINE,C3,NA,NA,1,n/a,Main Line,0,0, , , , ,Riverhead S Freight,n/a,NYAR,N,N,263,Metropolitan Transportation Authority,440.07769996,1443.71042536536
216,Siding,2006-04-25T00:00:00.000Z,LIRR,Long Island Rail Road,LIRR,1,LIRR MAIN LINE,C3,NA,NA,1,n/a,Main Line,0,0,n/a,n/a,n/a, ,Industrial Siding,n/a,NYAR,N,N,263,Metropolitan Transportation Authority,146.36764478,480.170926860206
217,Siding,2006-03-30T00:00:00.000Z,LIRR,Long Island Rail Road,LIRR,1,PORT JEFFERSON BRANCH,COMM,C3,NA,3,n/a,Port Jefferson,0,0,n/a,n/a,n/a, ,Industrial Siding,n/a,NYAR,N,N,263,Metropolitan Transportation Authority,164.79221468,540.750766751149
218,Siding,2008-12-05T00:00:00.000Z,LIRR,Long Island Rail Road,LIRR,1,LIRR MAIN LINE,C3,NA,NA,1,n/a,Main Line,0,94.30000305, ,Greenport,Penn Station, ,Industrial Siding,n/a,NYAR,N,N,263,Metropolitan Transportation Authority,286.88140319,941.25988685779
219,Siding,2008-12-24T00:00:00.000Z,LIRR,Long Island Rail Road,LIRR,1,MONTAUK BRANCH,C3,NA,NA,1,n/a,Montauk,0,0, , , , ,Industrial Siding,n/a,NYAR,N,None,263,Metropolitan Transportation Authority,169.08632886,554.613214581322
220,MultipleTrack,2006-03-30T00:00:00.000Z,LIRR,Long Island Rail Road,LIRR,3,PORT JEFFERSON BRANCH,COMM,C3,NA,3,n/a,Port Jefferson,24.79999924,63.70000076,East,Port Jefferson,Hicksville, ,Controlled Siding,n/a,NYAR,N,N,263,Metropolitan Transportation Authority,710.82352423,2332.39423706897
221,SingleTrack,2006-03-30T00:00:00.000Z,LIRR,Long Island Rail Road,LIRR,3,PORT JEFFERSON BRANCH,COMM,C3,NA,3,150670261,Port Jefferson,24.79999924,63.70000076,East,Port Jefferson,Hicksville, ,Main,n/a,NYAR,N,N,263,Metropolitan Transportation Authority,4684.18301585,15370.1537300644
222,SingleTrack,2006-03-31T00:00:00.000Z,LIRR,Long Island Rail Road,LIRR,3,PORT JEFFERSON BRANCH,COMM,C3,NA,3,150670261,Port Jefferson,24.79999924,63.70000076,East,Port Jefferson,Hicksville, ,Main,n/a,NYAR,N,N,263,Metropolitan Transportation Authority,7840.21144003,25724.3735725738
223,Siding,2006-03-31T00:00:00.000Z,LIRR,Long Island Rail Road,LIRR,1,PORT JEFFERSON BRANCH,COMM,C3,NA,3,n/a,Port Jefferson,24.79999924,63.70000076,n/a,n/a,n/a, ,Industrial Siding,n/a,NYAR,N,N,263,Metropolitan Transportation Authority,344.67515722,1130.91238168607
224,Yard,2006-03-31T00:00:00.000Z,LIRR,Long Island Rail Road,LIRR,1,PORT JEFFERSON YARD,COMM,C3,NA,3,n/a,Port Jefferson,0,0, , , , ,Main to 2,n/a,NYAR,N,N,263,Metropolitan Transportation Authority,49.44965622,162.246369146288
225,Yard,2006-04-07T00:00:00.000Z,LIRR,Long Island Rail Road,LIRR,1,BABYLON YARD,COMM,NA,NA,2,n/a,Montauk,0,0, , , , , ,n/a,n/a,N,R,263,Metropolitan Transportation Authority,489.73098395,1606.96253418557
226,Yard,2006-04-07T00:00:00.000Z,LIRR,Long Island Rail Road,LIRR,1,BABYLON YARD,COMM,NA,NA,2,n/a,Montauk,0,0, , , , , ,n/a,n/a,N,R,263,Metropolitan Transportation Authority,340.63317563,1117.72534763748
227,MultipleTrack,2010-02-05T00:00:00.000Z,LIRR,Long Island Rail Road,LIRR,4,MONTAUK BRANCH,COMM,C3,NA,3,n/a,Montauk,0,0, , , , ,Track 2,n/a,NYAR,N,R,263,Metropolitan Transportation Authority,66247.5868221,217386.959575742
228,SingleTrack,2006-04-20T00:00:00.000Z,LIRR,Long Island Rail Road,LIRR,3,MONTAUK BRANCH,COMM,C3,NA,3,54,Montauk,0,115.09999847,East,Montauk,Penn Station, ,Single Main,n/a,NYAR,N,N,263,Metropolitan Transportation Authority,5842.2385677,19161.5781921571
229,SingleTrack,2006-04-20T00:00:00.000Z,LIRR,Long Island Rail Road,LIRR,3,MONTAUK BRANCH,COMM,C3,NA,3,54,Montauk,0,115.09999847,East,Montauk,Penn Station, ,Single Main,n/a,NYAR,N,N,263,Metropolitan Transportation Authority,3888.21895287,12755.6050344678
230,SingleTrack,2006-04-20T00:00:00.000Z,LIRR,Long Island Rail Road,LIRR,3,MONTAUK BRANCH,COMM,C3,NA,3,54,Montauk,0,115.09999847,East,Montauk,Penn Station, ,Single Main,n/a,NYAR,N,N,263,Metropolitan Transportation Authority,7622.47494544,25002.6066764171
231,SingleTrack,2006-04-20T00:00:00.000Z,LIRR,Long Island Rail Road,LIRR,3,MONTAUK BRANCH,COMM,C3,NA,3,54,Montauk,0,115.09999847,East,Montauk,Penn Station, ,Single Main,n/a,NYAR,N,N,263,Metropolitan Transportation Authority,8948.7488143,29351.6841778723
232,SingleTrack,2006-04-20T00:00:00.000Z,LIRR,Long Island Rail Road,LIRR,3,MONTAUK BRANCH,COMM,C3,NA,3,54,Montauk,0,115.09999847,East,Montauk,Penn Station, ,Single Main,n/a,NYAR,N,N,263,Metropolitan Transportation Authority,4641.21067959,15226.359215185
233,SingleTrack,2006-04-20T00:00:00.000Z,LIRR,Long Island Rail Road,LIRR,3,MONTAUK BRANCH,COMM,C3,NA,3,54,Montauk,0,115.09999847,East,Montauk,Penn Station, ,Single Main,n/a,NYAR,N,N,263,Metropolitan Transportation Authority,2541.05050432,8336.25363595876
234,SingleTrack,2006-04-20T00:00:00.000Z,LIRR,Long Island Rail Road,LIRR,3,MONTAUK BRANCH,COMM,C3,NA,3,54,Montauk,0,115.09999847,East,Montauk,Penn Station, ,Single Main,n/a,NYAR,N,N,263,Metropolitan Transportation Authority,11070.527333,36314.3702889688
235,SingleTrack,2006-04-20T00:00:00.000Z,LIRR,Long Island Rail Road,LIRR,3,MONTAUK BRANCH,COMM,C3,NA,3,54,Montauk,0,115.09999847,East,Montauk,Penn Station, ,Single Main,n/a,NYAR,N,N,263,Metropolitan Transportation Authority,17730.0855554,58148.1068142524
236,MultipleTrack,2006-04-25T00:00:00.000Z,LIRR,Long Island Rail Road,LIRR,3,LIRR MAIN LINE,COMM,C3,NA,3,151070211,Main Line,0,94.30000305,East,Greenport,Penn Station, ,Single Main,n/a,NYAR,N,N,263,Metropolitan Transportation Authority,425.41511526,1395.43888424656
237,MultipleTrack,2006-04-25T00:00:00.000Z,LIRR,Long Island Rail Road,LIRR,3,LIRR MAIN LINE,COMM,C3,NA,3,n/a,Main Line,0,94.30000305,East,Greenport,Penn Station, ,AH Siding,n/a,NYAR,N,N,263,Metropolitan Transportation Authority,620.98679751,2037.25547845257
238,Siding,2006-04-24T00:00:00.000Z,LIRR,Long Island Rail Road,LIRR,1,LIRR MAIN LINE,C3,NA,NA,1,n/a,Main Line,0,0,n/a,n/a,n/a, ,Industrial Siding,n/a,NYAR,N,N,263,Metropolitan Transportation Authority,174.14407448,571.345779331106
239,Siding,2006-04-24T00:00:00.000Z,LIRR,Long Island Rail Road,LIRR,1,LIRR MAIN LINE,C3,NA,NA,1,n/a,Main Line,0,0,n/a,n/a,n/a, ,Industrial Siding,n/a,NYAR,N,N,263,Metropolitan Transportation Authority,133.10202741,436.691934271213
240,MultipleTrack,2006-04-24T00:00:00.000Z,LIRR,Long Island Rail Road,LIRR,3,LIRR MAIN LINE,COMM,C3,NA,3,n/a,Main Line,0,94.30000305,East,Greenport,Penn Station, ,YA Siding,n/a,NYAR,N,N,263,Metropolitan Transportation Authority,701.5488918,2301.69538511955
241,SingleTrack,2006-03-29T00:00:00.000Z,LIRR,Long Island Rail Road,LIRR,3,CENTRAL BRANCH,COMM,C3,NA,3,150770271,Central,28.70000076,35.90000153, ,Bellmont Junction,Bethpage, ,Main,n/a,NYAR,N,R,263,Metropolitan Transportation Authority,4711.79562687,15461.1487823758
242,Siding,2006-04-24T00:00:00.000Z,LIRR,Long Island Rail Road,LIRR,1,LIRR MAIN LINE,C3,NA,NA,1,n/a,Main Line,0,0, ,n/a,n/a, ,Industrial Siding,n/a,NYAR,N,N,263,Metropolitan Transportation Authority,467.37754665,1533.4438083591
243,Siding,2008-12-05T00:00:00.000Z,LIRR,Long Island Rail Road,LIRR,1,LIRR MAIN LINE,C3,NA,NA,1,n/a,Main Line,0,0, ,n/a,n/a, ,Industrial Siding,n/a,NYAR,N,N,263,Metropolitan Transportation Authority,229.2946351,752.304418324268
244,MultipleTrack,2008-01-25T00:00:00.000Z,LIRR,Long Island Rail Road,LIRR,3,CENTRAL BRANCH,COMM,C3,NA,3,150770271,Central,28.70000076,35.90000153, ,Bellmont Junction,Bethpage, ,Main,n/a,NYAR,N,R,263,Metropolitan Transportation Authority,884.67284239,2902.96362322384
245,Yard,2006-03-31T00:00:00.000Z,LIRR,Long Island Rail Road,LIRR,1,PORT JEFFERSON YARD,COMM,C3,NA,3,n/a,Port Jefferson,0,0, , , , , ,n/a,NYAR,N,N,263,Metropolitan Transportation Authority,233.89137765,767.406021367261
246,Yard,2006-03-31T00:00:00.000Z,LIRR,Long Island Rail Road,LIRR,1,PORT JEFFERSON YARD,COMM,C3,NA,3,n/a,Port Jefferson,0,0, , , , , ,n/a,NYAR,N,N,263,Metropolitan Transportation Authority,318.9545096,1046.50087705227
247,Yard,2006-03-31T00:00:00.000Z,LIRR,Long Island Rail Road,LIRR,1,PORT JEFFERSON YARD,COMM,C3,NA,3,n/a,Port Jefferson,0,0, , , , , ,n/a,NYAR,N,N,263,Metropolitan Transportation Authority,294.70078225,966.923849845904
248,Yard,2006-03-31T00:00:00.000Z,LIRR,Long Island Rail Road,LIRR,1,PORT JEFFERSON YARD,COMM,C3,NA,3,n/a,Port Jefferson,0,0, , , , , ,n/a,NYAR,N,N,263,Metropolitan Transportation Authority,287.02855278,941.7508763059
249,Yard,2006-03-31T00:00:00.000Z,LIRR,Long Island Rail Road,LIRR,1,PORT JEFFERSON YARD,COMM,C3,NA,3,n/a,Port Jefferson,0,0, , , , , ,n/a,NYAR,N,N,263,Metropolitan Transportation Authority,268.08181744,879.585623970649
250,Yard,2006-03-31T00:00:00.000Z,LIRR,Long Island Rail Road,LIRR,1,PORT JEFFERSON YARD,COMM,C3,NA,3,n/a,Port Jefferson,0,0, , , , , ,n/a,NYAR,N,N,263,Metropolitan Transportation Authority,298.10304744,978.086402631793
251,MultipleTrack,2006-04-21T00:00:00.000Z,LIRR,Long Island Rail Road,LIRR,4,LIRR MAIN LINE,COMM,C3,NA,3,151070211,Main Line,0,94.30000305,East,Greenport,Penn Station, ,Mainline 1,n/a,NYAR,N,R,263,Metropolitan Transportation Authority,11429.2898875,37504.8420743916
252,SingleTrack,2006-03-30T00:00:00.000Z,LIRR,Long Island Rail Road,LIRR,4,PORT JEFFERSON BRANCH,COMM,C3,NA,3,150670261,Port Jefferson,0,0, , , , ,Main,n/a,NYAR,N,R,263,Metropolitan Transportation Authority,402.2693801,1320.00149703164
253,SingleTrack,2006-03-30T00:00:00.000Z,LIRR,Long Island Rail Road,LIRR,4,PORT JEFFERSON BRANCH,COMM,C3,NA,3,150670261,Port Jefferson,0,0, , , , ,Main,n/a,NYAR,N,N,263,Metropolitan Transportation Authority,1678.37229134,5507.37136402315
254,Yard,2006-04-20T00:00:00.000Z,LIRR,Long Island Rail Road,LIRR,1,MONTAUK YARD,COMM,C3,NA,3,n/a,Montauk,0,0, , , , ,Track 1,n/a,NYAR,N,N,263,Metropolitan Transportation Authority,490.1723191,1607.52194648213
255,Yard,2006-04-20T00:00:00.000Z,LIRR,Long Island Rail Road,LIRR,1,MONTAUK YARD,COMM,C3,NA,3,n/a,Montauk,0,0, , , , ,East Wye,n/a,NYAR,N,N,263,Metropolitan Transportation Authority,186.36660717,611.190291618507
256,Yard,2006-04-20T00:00:00.000Z,LIRR,Long Island Rail Road,LIRR,1,MONTAUK YARD,COMM,C3,NA,3,n/a,Montauk,0,0, , , , ,Tail Track,n/a,NYAR,N,N,263,Metropolitan Transportation Authority,102.3987399,335.817375908084
257,Yard,2006-04-20T00:00:00.000Z,LIRR,Long Island Rail Road,LIRR,1,MONTAUK YARD,COMM,C3,NA,3,n/a,Montauk,0,0, , , , ,Track 3,n/a,NYAR,N,N,263,Metropolitan Transportation Authority,522.84410875,1714.6691867405
258,Yard,2006-04-07T00:00:00.000Z,LIRR,Long Island Rail Road,LIRR,1,BABYLON YARD,COMM,NA,NA,2,n/a,Montauk,0,0, , , , , ,n/a,n/a,N,R,263,Metropolitan Transportation Authority,349.49162184,1146.79262820988
259,Yard,2006-04-07T00:00:00.000Z,LIRR,Long Island Rail Road,LIRR,1,BABYLON YARD,COMM,NA,NA,2,n/a,Montauk,0,0, , , , , ,n/a,n/a,N,R,263,Metropolitan Transportation Authority,361.4844177,1186.14477133791
260,Yard,2006-04-07T00:00:00.000Z,LIRR,Long Island Rail Road,LIRR,1,BABYLON YARD,COMM,NA,NA,2,n/a,Montauk,0,0, , , , , ,n/a,n/a,N,R,263,Metropolitan Transportation Authority,392.88505992,1289.17995774596
261,Yard,2006-04-07T00:00:00.000Z,LIRR,Long Island Rail Road,LIRR,1,BABYLON YARD,COMM,NA,NA,2,n/a,Montauk,0,0, , , , , ,n/a,n/a,N,R,263,Metropolitan Transportation Authority,390.01589,1279.76539633163
262,Yard,2006-04-07T00:00:00.000Z,LIRR,Long Island Rail Road,LIRR,1,BABYLON YARD,COMM,NA,NA,2,n/a,Montauk,0,0, , , , , ,n/a,n/a,N,R,263,Metropolitan Transportation Authority,340.45126888,1117.12808587114
263,Yard,2006-04-07T00:00:00.000Z,LIRR,Long Island Rail Road,LIRR,1,BABYLON YARD,COMM,NA,NA,2,n/a,Montauk,0,0, , , , , ,n/a,n/a,N,R,263,Metropolitan Transportation Authority,351.1880933,1152.35896248478
264,Yard,2006-04-07T00:00:00.000Z,LIRR,Long Island Rail Road,LIRR,1,BABYLON YARD,COMM,NA,NA,2,n/a,Montauk,0,0, , , , , ,n/a,n/a,N,R,263,Metropolitan Transportation Authority,421.20024312,1382.09110490355
265,Yard,2006-04-07T00:00:00.000Z,LIRR,Long Island Rail Road,LIRR,1,BABYLON YARD,COMM,NA,NA,2,n/a,Montauk,0,0, , , , , ,n/a,n/a,N,R,263,Metropolitan Transportation Authority,421.44992911,1382.91050810513
266,Yard,2006-04-07T00:00:00.000Z,LIRR,Long Island Rail Road,LIRR,1,BABYLON YARD,COMM,NA,NA,2,n/a,Montauk,0,0, , , , , ,n/a,n/a,N,R,263,Metropolitan Transportation Authority,423.86828859,1390.8458452841
267,Yard,2006-04-07T00:00:00.000Z,LIRR,Long Island Rail Road,LIRR,1,BABYLON YARD,COMM,NA,NA,2,n/a,Montauk,0,0, , , , , ,n/a,n/a,N,R,263,Metropolitan Transportation Authority,421.87105362,1384.29221570183
268,Yard,2006-04-20T00:00:00.000Z,LIRR,Long Island Rail Road,LIRR,1,MONTAUK YARD,COMM,C3,NA,3,n/a,Montauk,0,0, , , , ,Track 4,n/a,NYAR,N,N,263,Metropolitan Transportation Authority,405.11330712,1328.570240792
269,Yard,2006-04-20T00:00:00.000Z,LIRR,Long Island Rail Road,LIRR,1,MONTAUK YARD,COMM,C3,NA,3,n/a,Montauk,0,0, , , , ,Track 5,n/a,NYAR,N,N,263,Metropolitan Transportation Authority,619.08754814,2030.30015316635
270,Yard,2006-04-20T00:00:00.000Z,LIRR,Long Island Rail Road,LIRR,1,MONTAUK YARD,COMM,C3,NA,3,n/a,Montauk,0,0, , , , ,Track 6,n/a,NYAR,N,N,263,Metropolitan Transportation Authority,232.25442709,761.678955531795
271,Yard,2006-03-31T00:00:00.000Z,LIRR,Long Island Rail Road,LIRR,1,PORT JEFFERSON YARD,COMM,C3,NA,3,n/a,Port Jefferson,0,0, , , , ,Wye Tail,n/a,NYAR,N,N,263,Metropolitan Transportation Authority,277.09398538,909.157148716117
272,Yard,2006-03-31T00:00:00.000Z,LIRR,Long Island Rail Road,LIRR,1,PORT JEFFERSON YARD,COMM,C3,NA,3,n/a,Port Jefferson,0,0,n/a,n/a,n/a, ,Industrial Siding,n/a,NYAR,N,N,263,Metropolitan Transportation Authority,222.94104245,731.478382014527
273,Yard,2006-03-31T00:00:00.000Z,LIRR,Long Island Rail Road,LIRR,1,PORT JEFFERSON YARD,COMM,C3,NA,3,n/a,Port Jefferson,0,0, , , , ,East Leg Wye,n/a,NYAR,N,N,263,Metropolitan Transportation Authority,333.57148459,1094.46169524642
274,Yard,2006-03-31T00:00:00.000Z,LIRR,Long Island Rail Road,LIRR,1,PORT JEFFERSON YARD,COMM,C3,NA,3,n/a,Port Jefferson,0,0, , , , ,5 West,n/a,NYAR,N,N,263,Metropolitan Transportation Authority,301.7853196,990.173153074811
275,Yard,2006-03-31T00:00:00.000Z,LIRR,Long Island Rail Road,LIRR,1,PORT JEFFERSON YARD,COMM,C3,NA,3,n/a,Port Jefferson,0,0, , , , ,4 Lead,n/a,NYAR,N,N,263,Metropolitan Transportation Authority,669.68971374,2197.28466413798
276,Yard,2006-03-31T00:00:00.000Z,LIRR,Long Island Rail Road,LIRR,1,PORT JEFFERSON YARD,COMM,C3,NA,3,n/a,Port Jefferson,0,0, , , , ,4 West,n/a,NYAR,N,N,263,Metropolitan Transportation Authority,237.04996512,777.772958470951
277,MultipleTrack,2006-04-19T00:00:00.000Z,LIRR,Long Island Rail Road,LIRR,3,MONTAUK BRANCH,COMM,C3,NA,3,54,Montauk,0,115.09999847,East,Montauk,Penn Station, ,Single Main,n/a,NYAR,N,N,263,Metropolitan Transportation Authority,900.57078767,2954.76903042385
278,MultipleTrack,2006-04-19T00:00:00.000Z,LIRR,Long Island Rail Road,LIRR,3,MONTAUK BRANCH,COMM,C3,NA,3,n/a,Montauk,0,115.09999847,East,Montauk,Penn Station, ,School House Track,n/a,NYAR,N,N,263,Metropolitan Transportation Authority,499.21208139,1637.91142282556
279,MultipleTrack,2006-04-19T00:00:00.000Z,LIRR,Long Island Rail Road,LIRR,3,MONTAUK BRANCH,COMM,C3,NA,3,n/a,Montauk,0,115.09999847,East,Montauk,Penn Station, ,North Track,n/a,NYAR,N,N,263,Metropolitan Transportation Authority,401.62126646,1317.7190711002
280,MultipleTrack,2006-04-19T00:00:00.000Z,LIRR,Long Island Rail Road,LIRR,3,MONTAUK BRANCH,COMM,C3,NA,3,n/a,Montauk,0,115.09999847,East,Montauk,Penn Station, ,Controlled Siding,n/a,NYAR,N,N,263,Metropolitan Transportation Authority,590.83537906,1938.42025702701
281,MultipleTrack,2006-04-19T00:00:00.000Z,LIRR,Long Island Rail Road,LIRR,3,MONTAUK BRANCH,COMM,C3,NA,3,54,Montauk,0,115.09999847,East,Montauk,Penn Station, ,Single Main,n/a,NYAR,N,N,263,Metropolitan Transportation Authority,590.50877449,1937.34869797405
282,SingleTrack,2006-04-20T00:00:00.000Z,LIRR,Long Island Rail Road,LIRR,3,MONTAUK BRANCH,COMM,C3,NA,3,54,Montauk,0,115.09999847,East,Montauk,Penn Station, ,Single Main,n/a,NYAR,N,N,263,Metropolitan Transportation Authority,5495.60846048,18029.8209269856
283,MultipleTrack,2006-04-20T00:00:00.000Z,LIRR,Long Island Rail Road,LIRR,3,MONTAUK BRANCH,COMM,C3,NA,3,n/a,Montauk,0,115.09999847,East,Montauk,Penn Station, ,MO Siding,n/a,NYAR,N,N,263,Metropolitan Transportation Authority,756.49744821,2481.85857690351
284,MultipleTrack,2006-04-20T00:00:00.000Z,LIRR,Long Island Rail Road,LIRR,3,MONTAUK BRANCH,COMM,C3,NA,3,54,Montauk,0,115.09999847,East,Montauk,Penn Station, ,Single Main,n/a,NYAR,N,N,263,Metropolitan Transportation Authority,756.24224934,2481.0213172853
285,MultipleTrack,2010-02-05T00:00:00.000Z,LIRR,Long Island Rail Road,LIRR,4,MONTAUK BRANCH,COMM,C3,NA,3,54,Montauk,0,94.30000305, ,Greenport,Penn Station, ,Track 1,n/a,NYAR,N,R,263,Metropolitan Transportation Authority,65611.5739711,215299.742446357
286,Siding,2008-11-25T00:00:00.000Z,LIRR,Long Island Rail Road,LIRR,1,CENTRAL BRANCH,C3,NA,NA,7,n/a,Central,0,0,n/a,n/a,n/a, ,Industrial Siding,n/a,NYAR,N,N,263,Metropolitan Transportation Authority,97.72563039,320.67708826001
287,Siding,2008-11-25T00:00:00.000Z,NYSDOT,New York State Department of Transportation,LIRR,3,CENTRAL BRANCH,C3,NA,NA,1,n/a,Central,28.70000076,35.90000153, ,Bellmont Junction,Bethpage, ,Industrial Siding,n/a,NYAR,N,N,263,n/a,58.93137558,193.375625026329
288,SingleTrack,2011-12-08T00:00:00.000Z,USR,"US Rail New York, LLC",USNY,2,Brookhaven Rail Terminal,TERM,NA,NA,1,86,US Rail,0,0, ,Yaphank,Yaphank, , ,n/a,n/a,N,N,286,n/a,872.68072566,2863.1861944578
289,Yard,2011-12-08T00:00:00.000Z,USR,"US Rail New York, LLC",USNY,2,Brookhaven Rail Terminal,TERM,NA,NA,1, ,US Rail,0,0, , , , , ,n/a,n/a,N,N,286,n/a,814.97539065,2673.86018712349
290,Yard,2011-12-08T00:00:00.000Z,USR,"US Rail New York, LLC",USNY,2,Brookhaven Rail Terminal,TERM,NA,NA,1, ,US Rail,0,0, , , , , ,n/a,n/a,N,N,286,n/a,789.44736243,2590.10494288807
291,Yard,2011-12-08T00:00:00.000Z,USR,"US Rail New York, LLC",USNY,2,Brookhaven Rail Terminal,TERM,NA,NA,1, ,US Rail,0,0, , , , , ,n/a,n/a,N,N,286,n/a,357.54201315,1173.06351498691
292,Yard,2011-12-08T00:00:00.000Z,USR,"US Rail New York, LLC",USNY,2,Brookhaven Rail Terminal,TERM,NA,NA,1, ,US Rail,0,0, , , , , ,n/a,n/a,N,N,286,n/a,546.41810815,1792.74889529615
293,Yard,2011-12-08T00:00:00.000Z,USR,"US Rail New York, LLC",USNY,2,Brookhaven Rail Terminal,TERM,NA,NA,1, ,US Rail,0,0, , , , , ,n/a,n/a,N,N,286,n/a,619.71198712,2033.21878771707
294,Yard,2011-12-08T00:00:00.000Z,USR,"US Rail New York, LLC",USNY,2,Brookhaven Rail Terminal,TERM,NA,NA,1, ,US Rail,0,0, , , , , ,n/a,n/a,N,N,286,n/a,406.38017231,1333.29662450509
295,Yard,2011-12-08T00:00:00.000Z,USR,"US Rail New York, LLC",USNY,2,Brookhaven Rail Terminal,TERM,NA,NA,1, ,US Rail,0,0, , , , , ,n/a,n/a,N,N,286,n/a,61.13975288,200.594237731621
296,Yard,2011-12-08T00:00:00.000Z,USR,"US Rail New York, LLC",USNY,2,Brookhaven Rail Terminal,TERM,NA,NA,1, ,US Rail,0,0, , , , , ,n/a,n/a,N,N,286,n/a,40.34169712,132.357514216905
297,Yard,2011-12-08T00:00:00.000Z,USR,"US Rail New York, LLC",USNY,2,Brookhaven Rail Terminal,TERM,NA,NA,1, ,US Rail,0,0, , , , , ,n/a,n/a,N,N,286,n/a,39.46338103,129.475545225776
298,Yard,2011-12-08T00:00:00.000Z,USR,"US Rail New York, LLC",USNY,2,Brookhaven Rail Terminal,TERM,NA,NA,1, ,US Rail,0,0, , , , , ,n/a,n/a,N,N,286,n/a,274.3524523,900.125795636126
299,Yard,2011-12-08T00:00:00.000Z,USR,"US Rail New York, LLC",USNY,2,Brookhaven Rail Terminal,TERM,NA,NA,1, ,US Rail,0,0, , , , , ,n/a,n/a,N,N,286,n/a,242.27064788,794.868031983769
300,Yard,2011-12-08T00:00:00.000Z,USR,"US Rail New York, LLC",USNY,2,Brookhaven Rail Terminal,TERM,NA,NA,1, ,US Rail,0,0, , , , , ,n/a,n/a,N,N,286,n/a,206.38261242,677.122871057995
301,Yard,2011-12-08T00:00:00.000Z,USR,"US Rail New York, LLC",USNY,2,Brookhaven Rail Terminal,TERM,NA,NA,1, ,US Rail,0,0, , , , , ,n/a,n/a,N,N,286,n/a,121.53215086,398.735990470505
302,Yard,2011-12-08T00:00:00.000Z,USR,"US Rail New York, LLC",USNY,2,Brookhaven Rail Terminal,TERM,NA,NA,1, ,US Rail,0,0, , , , , ,n/a,n/a,N,N,286,n/a,191.85564232,629.460992625995
303,Yard,2011-12-08T00:00:00.000Z,USR,"US Rail New York, LLC",USNY,2,Brookhaven Rail Terminal,TERM,NA,NA,1, ,US Rail,0,0, , , , , ,n/a,n/a,N,N,286,n/a,38.51680823,126.370026501001
304,Yard,2011-12-08T00:00:00.000Z,USR,"US Rail New York, LLC",USNY,2,Brookhaven Rail Terminal,TERM,NA,NA,1, ,US Rail,0,0, , , , , ,n/a,n/a,N,N,286,n/a,39.9174237,130.965498725743
305,Yard,2011-12-08T00:00:00.000Z,USR,"US Rail New York, LLC",USNY,2,Brookhaven Rail Terminal,TERM,NA,NA,1, ,US Rail,0,0, , , , , ,n/a,n/a,N,N,286,n/a,42.1173352,138.183050359012
306,Yard,2011-12-08T00:00:00.000Z,USR,"US Rail New York, LLC",USNY,2,Brookhaven Rail Terminal,TERM,NA,NA,1, ,US Rail,0,0, , , , , ,n/a,n/a,N,N,286,n/a,30.69779233,100.716842871935
307,Siding,2006-04-24T00:00:00.000Z,TOWN,Town of Riverhead,NYAR,1,Calverton Spur,C3,NA,NA,1,n/a,Calverton Spur,0,0, , , , ,Main Spur,n/a,n/a,N,N,263,Anacostia & Pacific Railway Co.,3956.72879666,12980.9300916764
308,Siding,2006-04-24T00:00:00.000Z,TOWN,Town of Riverhead,NYAR,1,Calverton Spur,C3,NA,NA,1,n/a,Calverton Spur,0,0, , , , ,Industrial Siding,n/a,n/a,N,N,263,Anacostia & Pacific Railway Co.,517.17697272,1696.72503448937
